1120252,1120252,津軽湯の沢,1406320.55,-404418.79
1120253,1120253,碇ケ関,1406224.43,-404789.88
1120254,1120254,長峰,1406030.69,-405160.72
1120255,1120255,大鰐温泉,1405669.14,-405215.4
1120256,1120256,石川,1405309.51,-405560.21
1120257,1120257,弘前,1404850.16,-405997.23
1120258,1120258,撫牛子,1404976.16,-406212.98
1120259,1120259,川部,1405213.76,-406468.62
1120260,1120260,北常盤,1405435.9,-406705.3
1120261,1120261,浪岡,1405806.64,-407102.1
1120262,1120262,大釈迦,1405877.76,-407567.36
1120263,1120263,鶴ケ坂,1406348.78,-407912.28
1120264,1120264,津軽新城,1406720.25,-408280.22
1120265,1120265,新青森,1406934.49,-408274.9
1120266,1120120,青森,1407347.38,-408286.68
1120208,1120208,院内,1404138.0,-390497.06
1120209,1120209,横堀,1404513.1,-390645.33
1120210,1120210,三関,1404837.96,-391101.96
1120211,1120211,上湯沢,1404852.62,-391342.21
1120212,1120212,湯沢,1404870.11,-391634.43
1120213,1120213,下湯沢,1405024.9,-391971.96
1120214,1120214,十文字,1405262.87,-392211.86
1120215,1120215,醍醐,1405385.3,-392487.16
1120216,1120216,柳田,1405538.56,-392763.85
1120217,1120217,横手,1405604.0,-393101.46
1120218,1120218,後三年,1405383.97,-393648.91
1120219,1120219,飯詰,1405153.78,-394060.13
1120220,1120220,大曲,1404796.28,-394657.12
1120221,1120221,神宮寺,1404265.18,-394948.41
1120222,1120222,刈和野,1403724.02,-395476.46
1120223,1120223,峰吉川,1403231.4,-395665.86
1120224,1120224,羽後境,1403207.22,-396186.79
1120225,1120225,大張野,1402740.71,-396633.47
1120226,1120226,和田,1402187.54,-396508.7
1120227,1120227,四ツ小屋,1401449.46,-396613.41
1120228,1120228,秋田,1401299.31,-397167.48
1120229,1120229,土崎,1400736.01,-397584.53
1120230,1120230,上飯島,1400684.7,-397793.36
1120231,1120231,追分,1400578.1,-398099.25
1120232,1120232,大久保,1400630.79,-398708.9
1120233,1120233,羽後飯塚,1400733.0,-398989.81
1120234,1120234,井川さくら,1400760.22,-399119.25
1120235,1120235,八郎潟,1400783.82,-399473.66
1120236,1120236,鯉川,1400774.74,-399963.61
1120237,1120237,鹿渡,1400826.21,-400446.19
1120238,1120238,森岳,1400708.86,-401031.64
1120239,1120239,北金岡,1400635.65,-401418.95
1120240,1120240,東能代,1400657.46,-401915.79
1120241,1120241,鶴形,1401185.07,-402038.79
1120242,1120242,富根,1401726.43,-402179.56
1120243,1120243,二ツ井,1402357.29,-402125.06
1120244,1120244,前山,1403123.78,-402147.85
1120245,1120245,鷹ノ巣,1403698.16,-402320.59
1120246,1120246,糠沢,1403978.27,-402510.94
1120247,1120247,早口,1404475.72,-402713.15
1120248,1120248,下川沿,1404966.25,-402764.08
1120249,1120249,大館,1405559.46,-402881.22
1120250,1120250,白沢,1405916.57,-403381.03
1120251,1120251,陣場,1406075.23,-403988.64
1120201,1120201,新庄,1403060.64,-387625.6
1120202,1120202,泉田,1403100.39,-388117.58
1120203,1120203,羽前豊里,1402422.47,-388367.48
1120204,1120204,真室川,1402548.14,-388582.43
1120205,1120205,釜淵,1402638.64,-389328.1
1120206,1120206,大滝,1403201.99,-389714.85
1120207,1120207,及位,1403611.64,-389929.83
1120301,1120110,野辺地,1411196.03,-408551.42
1120302,1120302,北野辺地,1411341.15,-408710.77
1120303,1120303,有戸,1411892.64,-409139.49
1120304,1120304,吹越,1412465.52,-410220.38
1120305,1120305,陸奥横浜,1412497.57,-410865.44
1120306,1120306,有畑,1412764.21,-411318.18
1120307,1120307,近川,1412790.21,-411916.87
1120308,1120308,金谷沢,1412484.32,-412288.54
1120309,1120309,赤川,1412093.39,-412678.29
1120310,1120310,下北,1411898.9,-412828.8
1120311,1120311,大湊,1411617.72,-412803.44
1120412,1120412,大間越,1399500.62,-404924.07
1120413,1120413,白神岳登山口,1399503.18,-405135.51
1120414,1120414,松神,1399465.56,-405349.02
1120415,1120415,十二湖,1399419.86,-405515.39
1120416,1120416,陸奥岩崎,1399241.83,-405833.33
1120417,1120417,陸奥沢辺,1398949.91,-405861.75
1120418,1120418,ウェスパ椿山,1398711.57,-405929.13
1120419,1120419,艫作,1398648.56,-406085.34
1120420,1120420,横磯,1398909.1,-406298.91
1120421,1120421,深浦,1399293.72,-406502.39
1120422,1120422,広戸,1399555.86,-406743.4
1120423,1120423,追良瀬,1399702.98,-406861.14
1120424,1120424,驫木,1399829.54,-407072.18
1120425,1120425,風合瀬,1399943.2,-407318.26
1120426,1120426,大戸瀬,1400335.96,-407593.25
1120427,1120427,千畳敷,1400548.32,-407677.69
1120428,1120428,北金ケ沢,1400950.52,-407459.95
1120429,1120429,陸奥柳田,1401232.43,-407406.16
1120430,1120430,陸奥赤石,1401620.57,-407615.6
1120431,1120431,鰺ケ沢,1402205.89,-407752.55
1120432,1120432,鳴沢,1402676.17,-407821.89
1120433,1120433,越水,1402986.28,-407872.58
1120434,1120434,陸奥森田,1403390.33,-407817.38
1120435,1120435,中田,1403645.05,-407874.24
1120436,1120436,木造,1403877.75,-408024.82
1120437,1120437,五所川原,1404477.6,-408091.24
1120438,1120438,陸奥鶴田,1404352.76,-407575.44
1120439,1120439,鶴泊,1404376.16,-407360.26
1120440,1120440,板柳,1404617.85,-406972.6
1120441,1120441,林崎,1404804.01,-406753.55
1120442,1120442,藤崎,1404995.31,-406540.47
1120443,1120259,川部,1405213.76,-406468.62
1120401,1120240,東能代,1400657.46,-401915.79
1120402,1120402,能代,1400330.84,-402065.77
1120403,1120403,向能代,1400391.11,-402256.69
1120404,1120404,北能代,1400338.35,-402541.38
1120405,1120405,鳥形,1400369.31,-402714.33
1120406,1120406,沢目,1400378.24,-402959.29
1120407,1120407,東八森,1400324.62,-403320.86
1120408,1120408,八森,1400178.82,-403713.5
1120409,1120409,滝ノ間,1400022.1,-403799.67
1120410,1120410,あきた白神,1399877.93,-403865.83
1120411,1120411,岩館,1399662.58,-404062.41
1120501,1120120,青森,1407347.38,-408286.68
1120502,1120502,油川,1406904.76,-408570.35
1120503,1120503,津軽宮田,1406745.79,-408871.84
1120504,1120504,奥内,1406723.82,-409030.44
1120505,1120505,左堰,1406659.29,-409172.14
1120506,1120506,後潟,1406627.34,-409315.19
1120507,1120507,中沢,1406562.44,-409490.44
1120508,1120508,蓬田,1406545.33,-409690.42
1120509,1120509,郷沢,1406523.99,-409876.82
1120510,1120510,瀬辺地,1406481.79,-410078.69
1120511,1120511,蟹田,1406425.65,-410382.74
1120512,1111801,中小国,1405967.98,-410517.02
1120513,1120513,大平,1405593.75,-410658.66
1120514,1111802,津軽二股,1405142.31,-411459.37
1120515,1120515,大川平,1405075.92,-411632.04
1120516,1120516,今別,1404904.48,-411797.41
1120517,1120517,津軽浜名,1404718.5,-411805.21
1120518,1120518,三厩,1404444.82,-411854.04
1120601,1120601,八戸,1414314.99,-405092.0
1120602,1120602,長苗代,1414659.07,-405214.6
1120603,1120603,本八戸,1414887.62,-405162.86
1120604,1120604,小中野,1415100.32,-405187.67
1120605,1120605,陸奥湊,1415276.52,-405233.5
1120606,1120606,白銀,1415416.48,-405220.31
1120607,1120607,鮫,1415548.91,-405302.44
1120608,1120608,プレイピア白浜,1415815.28,-405244.48
1120609,1120609,陸奥白浜,1415922.99,-405166.36
1120610,1120610,種差海岸,1416073.67,-405069.51
1120611,1120611,大久喜,1416229.58,-404951.35
1120612,1120612,金浜,1416373.66,-404759.94
1120613,1120613,大蛇,1416507.73,-404672.51
1120614,1120614,階上,1416649.58,-404568.34
1120615,1120615,角の浜,1416817.73,-404444.78
1120616,1120616,平内,1416992.72,-404255.2
1120617,1120617,種市,1417152.32,-404103.84
1120618,1120618,玉川,1417351.17,-403804.24
1120619,1120619,宿戸,1417466.83,-403661.29
1120620,1120620,陸中八木,1417665.17,-403454.85
1120621,1120621,有家,1417730.31,-403240.07
1120622,1120622,陸中中野,1417877.68,-403051.65
1120623,1120623,侍浜,1417605.75,-402613.75
1120624,1120624,陸中夏井,1417919.06,-402077.47
1120625,1120625,久慈,1417708.91,-401903.91
1120701,1120701,茂市,1417992.88,-396206.19
1120702,1120702,岩手刈屋,1417592.96,-396426.88
1120703,1120703,中里,1417360.67,-396618.36
1120704,1120704,岩手和井内,1417157.05,-396799.05
1120705,1120705,押角,1416931.81,-397240.29
1120706,1120706,岩手大川,1416719.09,-398002.08
1120707,1120707,浅内,1417270.16,-398194.82
1120708,1120708,二升石,1417457.41,-398367.39
1120709,1120709,岩泉,1417864.46,-398450.44
1120801,1123166,一ノ関,1411381.77,-389265.14
1120802,1120802,真滝,1411779.3,-389082.39
1120803,1120803,陸中門崎,1412512.26,-389169.08
1120804,1120804,岩ノ下,1412453.42,-389476.99
1120805,1120805,陸中松川,1412380.46,-389772.37
1120806,1120806,猊鼻渓,1412532.7,-389889.39
1120807,1120807,柴宿,1412723.12,-389967.19
1120808,1120808,摺沢,1413214.6,-389959.3
1120809,1120809,千厩,1413456.3,-389248.73
1120810,1120810,小梨,1413841.8,-389324.93
1120811,1120811,矢越,1414290.29,-389352.24
1120812,1120812,折壁,1414523.46,-389394.28
1120813,1120813,新月,1414887.96,-389155.98
1120817,1120817,陸前矢作,1415793.57,-390225.54
1120818,1120818,竹駒,1416097.29,-390336.51
1120819,1120819,陸前高田,1416253.32,-390130.21
1120820,1120820,脇ノ沢,1416573.59,-390065.84
1120821,1120821,小友,1416995.73,-389892.42
1120822,1120822,細浦,1417136.42,-390159.73
1120823,1120823,下船渡,1417212.22,-390383.62
1120824,1120824,大船渡,1417208.07,-390635.29
1120825,1120825,盛,1417107.34,-390863.72
1120814,1120814,気仙沼,1415588.93,-389100.31
1120815,1120815,鹿折唐桑,1415794.57,-389155.55
1120816,1120816,上鹿折,1415682.32,-389606.61
1120901,1123176,花巻,1411104.58,-393931.82
1120902,1120902,似内,1411408.89,-394068.19
1120903,1120903,新花巻,1411730.2,-394058.39
1120904,1120904,小山田,1411939.99,-394086.0
1120905,1120905,土沢,1412324.88,-393833.81
1120906,1120906,晴山,1412578.92,-393666.17
1120907,1120907,岩根橋,1413187.95,-393552.64
1120908,1120908,宮守,1413502.71,-393510.66
1120909,1120909,柏木平,1413798.62,-393060.6
1120910,1120910,鱒沢,1413992.52,-393001.58
1120911,1120911,荒谷前,1414285.07,-393099.28
1120912,1120912,岩手二日町,1414560.6,-393234.41
1120913,1120913,綾織,1414768.45,-393284.22
1120914,1120914,遠野,1415307.2,-393325.29
1120915,1120915,青笹,1415689.57,-393114.82
1120916,1120916,岩手上郷,1415858.34,-392846.58
1120917,1120917,平倉,1415956.61,-392646.82
1120918,1120918,足ケ瀬,1416458.07,-392547.66
1120919,1120919,上有住,1416815.22,-392420.13
1120920,1120920,陸中大橋,1417184.36,-392804.51
1120921,1120921,洞泉,1417603.88,-392506.71
1120922,1120922,松倉,1418014.84,-392564.58
1120923,1120923,小佐野,1418365.15,-392644.64
1120924,1120924,釜石,1418726.7,-392733.21
1121001,1123174,北上,1411212.21,-392811.96
1121002,1121002,柳原,1411116.71,-392945.97
1121003,1121003,江釣子,1410757.49,-392983.49
1121004,1121004,藤根,1410395.71,-393010.64
1121005,1121005,立川目,1409971.44,-393078.76
1121006,1121006,横川目,1409721.43,-393092.55
1121007,1121007,岩沢,1409316.16,-393010.16
1121008,1121008,和賀仙人,1409094.85,-393085.23
1121009,1121009,ゆだ錦秋湖,1408353.43,-392955.13
1121010,1121010,ほっとゆだ,1407756.47,-393144.93
1121011,1121011,ゆだ高原,1407372.05,-393010.74
1121012,1121012,黒沢,1406996.19,-392762.43
1121013,1121013,小松川,1406460.94,-392934.03
1121014,1121014,平石,1406284.57,-392916.78
1121015,1121015,相野々,1406190.67,-392780.5
1121016,1121016,矢美津,1405920.99,-392912.83
1121017,1120217,横手,1405604.0,-393101.46
1121101,1123185,盛岡,1411365.99,-397015.47
1121102,1121102,大釜,1410722.02,-397115.86
1121103,1121103,小岩井,1410246.5,-397097.31
1121104,1121104,雫石,1409747.62,-396892.44
1121105,1121105,春木場,1409439.54,-396933.96
1121106,1121106,赤渕,1409072.22,-396851.12
1121107,1121107,田沢湖,1407221.39,-397003.63
1121108,1121108,刺巻,1406919.6,-396685.63
1121109,1121109,神代,1406273.58,-396226.67
1121110,1121110,生田,1406012.03,-396120.65
1121111,1121111,角館,1405709.88,-395917.16
1121112,1121112,鶯野,1405579.01,-395685.36
1121113,1121113,羽後長野,1405404.48,-395460.03
1121114,1121114,鑓見内,1405277.44,-395193.23
1121115,1121115,羽後四ツ屋,1405118.86,-395015.11
1121116,1121116,北大曲,1404979.66,-394894.4
1121117,1120220,大曲,1404796.28,-394657.12
1121201,1121201,好摩,1411736.85,-398740.37
1121202,1121202,東大更,1411425.37,-399026.21
1121203,1121203,大更,1411008.08,-399137.46
1121204,1121204,平館,1410853.1,-399508.86
1121205,1121205,北森,1410664.81,-399592.01
1121206,1121206,松尾八幡平,1410439.03,-399692.41
1121207,1121207,安比高原,1409972.39,-400125.87
1121208,1121208,赤坂田,1410039.4,-400484.64
1121209,1121209,小屋の畑,1410206.73,-400765.39
1121210,1121210,荒屋新町,1410491.96,-400976.82
1121211,1121211,横間,1410271.51,-401074.75
1121212,1121212,田山,1409441.26,-401396.74
1121213,1121213,兄畑,1408830.2,-401158.69
1121214,1121214,湯瀬温泉,1408402.92,-401223.84
1121215,1121215,八幡平,1408044.96,-401428.81
1121216,1121216,陸中大里,1407934.77,-401585.74
1121217,1121217,鹿角花輪,1407850.88,-401884.53
1121218,1121218,柴平,1407879.41,-402307.51
1121219,1121219,十和田南,1407707.16,-402560.69
1121220,1121220,末広,1407372.51,-402297.88
1121221,1121221,土深井,1407131.42,-402224.52
1121222,1121222,沢尻,1406932.88,-402303.42
1121223,1121223,十二所,1406682.11,-402142.9
1121224,1121224,大滝温泉,1406396.25,-402097.51
1121225,1121225,扇田,1405724.72,-402292.35
1121226,1121226,東大館,1405547.45,-402660.05
1121227,1120249,大館,1405559.46,-402881.22
1121301,1123185,盛岡,1411365.99,-397015.47
1121302,1121302,上盛岡,1411479.37,-397114.6
1121303,1121303,山岸,1411714.01,-397159.6
1121304,1121304,上米内,1412038.25,-397438.55
1121305,1121305,大志田,1412808.43,-397418.06
1121306,1121306,浅岸,1413391.47,-397112.08
1121307,1121307,区界,1413513.52,-396517.7
1121308,1121308,松草,1414374.21,-396359.18
1121309,1121309,平津戸,1415112.22,-396234.08
1121310,1121310,川内,1415975.48,-396407.44
1121311,1121311,箱石,1416258.29,-396171.15
1121312,1121312,陸中川井,1416815.3,-395973.97
1121313,1121313,腹帯,1417674.34,-396045.39
1121314,1120701,茂市,1417992.88,-396206.19
1121315,1121315,蟇目,1418388.76,-396293.41
1121316,1121316,花原市,1418613.08,-396302.33
1121317,1121317,千徳,1419124.0,-396322.51
1121318,1121318,宮古,1419464.54,-396402.87
1121319,1121319,磯鶏,1419609.84,-396298.83
1121320,1121320,津軽石,1419375.94,-395815.07
1121321,1121321,豊間根,1419247.39,-395342.74
1121322,1121322,陸中山田,1419515.33,-394634.49
1121323,1121323,織笠,1419594.97,-394471.87
1121324,1121324,岩手船越,1419740.33,-394313.69
1121325,1121325,浪板海岸,1419351.04,-393835.37
1121326,1121326,吉里吉里,1419386.48,-393695.7
1121327,1121327,大槌,1419028.94,-393567.34
1121328,1121328,鵜住居,1418879.76,-393269.4
1121329,1121329,両石,1418891.12,-393080.62
1121330,1120924,釜石,1418726.7,-392733.21
1123162,1123162,油島,1411757.06,-387971.13
1123163,1123163,花泉,1411800.13,-388333.1
1123164,1123164,清水原,1411565.76,-388549.15
1123166,1123166,一ノ関,1411381.77,-389265.14
1123167,1123167,山ノ目,1411319.21,-389512.53
1123168,1123168,平泉,1411177.86,-389879.35
1123169,1123169,前沢,1411262.4,-390486.86
1123170,1123170,陸中折居,1411408.64,-390941.85
1123171,1123171,水沢,1411463.95,-391389.98
1123172,1123172,金ケ崎,1411128.94,-391996.15
1123173,1123173,六原,1410976.05,-392278.94
1123174,1123174,北上,1411212.21,-392811.96
1123175,1123175,村崎野,1411204.42,-393230.27
1123176,1123176,花巻,1411104.58,-393931.82
1123177,1123177,花巻空港,1411276.25,-394426.39
1123178,1123178,石鳥谷,1411468.61,-394909.19
1123179,1123179,日詰,1411606.37,-395387.34
1123180,1123180,紫波中央,1411599.5,-395549.0
1123181,1123181,古館,1411545.75,-395808.44
1123182,1123182,矢幅,1411482.99,-396132.93
1123183,1123183,岩手飯岡,1411468.61,-396537.3
1123184,1123184,仙北町,1411488.14,-396879.19
1123185,1123185,盛岡,1411365.99,-397015.47
1123130,1123130,越河,1406045.72,-379336.16
1123131,1123131,白石,1406261.64,-380035.81
1123132,1123132,東白石,1406511.09,-380349.35
1123133,1123133,北白川,1406926.13,-380326.07
1123134,1123134,大河原,1407401.42,-380474.91
1123135,1123135,船岡,1407673.66,-380592.98
1123136,1123136,槻木,1408099.92,-380786.4
1123137,1123137,岩沼,1408637.83,-381120.5
1123138,1123138,館腰,1408802.08,-381429.87
1123139,1123139,名取,1408827.53,-381730.17
1123140,1123140,南仙台,1408832.96,-381973.84
1123141,1123141,太子堂,1408834.36,-382171.1
1123142,1123142,長町,1408859.86,-382267.97
1123143,1123143,仙台,1408821.58,-382600.27
1123144,1123144,東仙台,1409202.04,-382765.12
1123145,1123145,岩切,1409546.17,-383007.73
1123146,1123146,新利府,1409726.09,-383170.59
1123147,1123147,利府,1409846.52,-383294.83
1123148,1123148,陸前山王,1409791.7,-382995.86
1123149,1123149,国府多賀城,1409941.1,-383009.33
1123150,1123150,塩釜,1410095.64,-383095.84
1123151,1123151,松島,1410659.82,-383798.92
1123152,1123152,愛宕,1410650.0,-383973.71
1123153,1123153,品井沼,1410824.08,-384315.39
1123154,1123154,鹿島台,1410979.65,-384747.08
1123155,1123155,松山町,1410751.87,-385123.32
1123156,1123156,小牛田,1410643.55,-385411.11
1123157,1123157,田尻,1410589.12,-385962.46
1123158,1123158,瀬峰,1410738.3,-386551.53
1123159,1123159,梅ケ沢,1410852.78,-386816.78
1123160,1123160,新田,1411194.28,-387114.75
1123161,1123161,石越,1411590.6,-387687.78
1123165,1123165,有壁,1411209.94,-388673.71
1123105,1123105,白坂,1401843.88,-370945.7
1123106,1123106,新白河,1401889.69,-371233.1
1123107,1123107,白河,1402137.42,-371296.92
1123108,1123108,久田野,1402594.58,-371370.48
1123109,1123109,泉崎,1402990.26,-371583.5
1123110,1123110,矢吹,1403279.83,-372052.86
1123111,1123111,鏡石,1403468.12,-372507.33
1123112,1123112,須賀川,1403720.14,-373003.35
1123113,1123113,安積永盛,1403689.43,-373569.67
1123114,1123114,郡山,1403893.63,-373981.87
1123115,1123115,日和田,1403883.33,-374464.05
1123116,1123116,五百川,1403878.5,-374828.87
1123117,1123117,本宮,1403995.34,-375141.77
1123118,1123118,杉田,1404136.63,-375633.07
1123119,1123119,二本松,1404353.89,-375895.98
1123120,1123120,安達,1404660.42,-376117.24
1123121,1123121,松川,1404844.2,-376538.25
1123122,1123122,金谷川,1404522.44,-376805.26
1123123,1123123,南福島,1404560.74,-377236.65
1123124,1123124,福島,1404596.8,-377541.23
1123125,1123125,東福島,1404780.58,-378004.47
1123126,1123126,伊達,1404932.55,-378239.17
1123127,1123127,桑折,1405175.08,-378552.58
1123128,1123128,藤田,1405397.22,-378790.62
1123129,1123129,貝田,1405810.6,-379082.26
1123101,1123101,黒磯,1400602.04,-369701.28
1123102,1123102,高久,1400873.46,-369965.72
1123103,1123103,黒田原,1401195.86,-370228.48
1123104,1123104,豊原,1401550.66,-370550.14
1121701,1123143,仙台,1408821.58,-382600.27
1121702,1121702,東照宮,1408868.2,-382772.62
1121703,1121703,北仙台,1408698.85,-382815.94
1121704,1121704,北山,1408518.76,-382851.54
1121722,1121722,東北福祉大前,1408426.83,-382804.68
1121705,1121705,国見,1408335.0,-382747.83
1121706,1121706,葛岡,1408185.83,-382688.16
1121707,1121707,陸前落合,1407898.96,-382733.79
1121708,1121708,愛子,1407615.17,-382726.61
1121709,1121709,陸前白沢,1407023.33,-382781.17
1121710,1121710,熊ケ根,1406806.33,-382979.47
1121711,1121711,西仙台ハイランド,1406653.73,-383041.88
1121712,1121712,作並,1406324.67,-383177.38
1121713,1121713,八ツ森,1406154.97,-383090.41
1121714,1121714,奥新川,1405943.29,-383259.53
1121715,1121715,面白山高原,1404971.2,-383330.71
1121716,1121716,山寺,1404347.73,-383095.61
1121717,1121717,高瀬,1403960.74,-383016.77
1121718,1121718,楯山,1403705.98,-383016.32
1121719,1121620,羽前千歳,1403421.68,-382873.13
1121720,1121619,北山形,1403326.58,-382659.02
1121721,1121618,山形,1403272.53,-382480.98
1122101,1123156,小牛田,1410643.55,-385411.11
1122102,1122102,北浦,1410230.5,-385598.5
1122103,1122103,陸前谷地,1409994.53,-385651.52
1122104,1122104,古川,1409678.76,-385711.92
1122105,1122105,塚目,1409370.93,-385724.74
1122106,1122106,西古川,1408954.16,-385782.14
1122107,1122107,東大崎,1408970.15,-386056.27
1122108,1122108,西大崎,1408896.38,-386299.86
1122109,1122109,岩出山,1408714.92,-386525.08
1122110,1122110,有備館,1408644.2,-386581.35
1122111,1122111,上野目,1408593.42,-386805.63
1122112,1122112,池月,1408357.32,-387089.48
1122113,1122113,川渡温泉,1407793.17,-387368.34
1122114,1122114,鳴子御殿湯,1407371.48,-387446.12
1122115,1122115,鳴子温泉,1407159.39,-387431.93
1122116,1122116,中山平温泉,1406681.03,-387265.68
1122117,1122117,堺田,1406129.02,-387354.9
1122118,1122118,赤倉温泉,1405536.47,-387305.35
1122119,1122119,立小路,1405426.78,-387420.45
1122120,1122120,最上,1405177.12,-387559.59
1122121,1122121,大堀,1404753.77,-387659.2
1122122,1122122,鵜杉,1404536.98,-387649.62
1122123,1122123,瀬見温泉,1404195.57,-387551.92
1122124,1122124,東長沢,1403821.95,-387188.98
1122125,1122125,長沢,1403659.69,-387097.82
1122126,1122126,南新庄,1403162.12,-387216.29
1122127,1120201,新庄,1403060.64,-387625.6
1122201,1122201,あおば通,1408785.14,-382607.49
1122202,1123143,仙台,1408821.58,-382600.27
1122203,1122203,榴ケ岡,1408937.82,-382587.92
1122204,1122204,宮城野原,1409051.55,-382611.5
1122205,1122205,陸前原ノ町,1409106.38,-382660.17
1122206,1122206,苦竹,1409188.67,-382687.22
1122207,1122207,小鶴新田,1409354.46,-382734.55
1122208,1122208,福田町,1409582.52,-382749.67
1122209,1122209,陸前高砂,1409676.07,-382734.4
1122210,1122210,中野栄,1409852.36,-382807.96
1122211,1122211,多賀城,1410053.75,-382916.56
1122212,1122212,下馬,1410149.65,-383058.33
1122213,1122213,西塩釜,1410184.19,-383119.4
1122214,1122214,本塩釜,1410224.77,-383177.15
1122215,1122215,東塩釜,1410316.65,-383255.72
1122216,1122216,陸前浜田,1410418.18,-383507.47
1122217,1122217,松島海岸,1410585.23,-383685.29
1122218,1122218,高城町,1410734.4,-383827.31
1122219,1122219,手樽,1410928.46,-383871.5
1122220,1122220,陸前富山,1411072.08,-383863.07
1122221,1122221,陸前大塚,1411294.7,-383790.78
1122222,1122222,東名,1411454.79977,-383752.995625
1122223,1122223,野蒜,1411570.34934,-383790.003038
1122224,1122224,陸前小野,1411743.45,-383960.18
1122225,1122225,鹿妻,1411900.73,-384033.15
1122226,1122226,矢本,1412091.48,-384204.32
1122227,1122227,東矢本,1412221.6,-384279.93
1122228,1122228,陸前赤井,1412388.83,-384324.42
1122232,1122232,石巻あゆみ野,1412594.44,-384361.11
1122229,1122229,蛇田,1412776.52,-384382.18
1122230,1122230,陸前山下,1412888.68,-384377.18
1122231,1122231,石巻,1413035.53,-384353.8
1122301,1123156,小牛田,1410643.55,-385411.11
1122302,1122302,上涌谷,1410994.73,-385491.94
1122303,1122303,涌谷,1411273.59,-385381.51
1122304,1122304,前谷地,1411943.45,-385121.87
1122305,1122305,佳景山,1412396.22,-384979.74
1122306,1122306,鹿又,1412830.16,-384858.51
1122307,1122307,曽波神,1412878.48,-384659.93
1122308,1122231,石巻,1413035.53,-384353.8
1122309,1122309,陸前稲井,1413348.47,-384454.63
1122310,1122310,渡波,1413651.23,-384200.51
1122311,1122311,万石浦,1413685.55,-384288.55
1122312,1122312,沢田,1413823.4,-384323.97
1122313,1122313,浦宿,1414213.55,-384365.42
1122314,1122314,女川,1414449.19,-384464.03
1122401,1122304,前谷地,1411943.45,-385121.87
1122402,1122402,和渕,1412204.28,-385257.72
1122403,1122403,のの岳,1412258.13,-385525.67
1122404,1122404,陸前豊里,1412446.74,-385824.81
1122405,1122405,御岳堂,1412647.18,-386056.62
1122406,1122406,柳津,1413059.47,-386116.93
1122407,1122407,陸前横山,1413539.81,-386307.76
1122408,1122408,陸前戸倉,1414333.8,-386479.77
1122409,1122409,志津川,1414428.94,-386781.13
1122410,1122410,清水浜,1414867.98,-386904.18
1122411,1122411,歌津,1415192.63,-387176.61
1122412,1122412,陸前港,1415308.59,-387385.59
1122413,1122413,蔵内,1415242.14,-387539.52
1122414,1122414,陸前小泉,1415090.68,-387667.86
1122415,1122415,本吉,1415019.37,-387860.42
1122416,1122416,小金沢,1415347.55,-387956.86
1122417,1122417,大谷海岸,1415669.27,-388139.01
1122418,1122418,陸前階上,1415803.39,-388371.13
1122419,1122419,最知,1415813.82,-388535.16
1122420,1122420,松岩,1415837.68,-388733.69
1122421,1122421,南気仙沼,1415767.53,-388948.16
1122422,1122422,不動の沢,1415623.6,-388985.19
1122423,1120814,気仙沼,1415588.93,-389100.31
1123023,1123023,坂元,1409127.27,-379284.54
1123024,1123024,山下,1409006.88,-379672.92
1123025,1123025,浜吉田,1408900.83,-380021.95
1123026,1123026,亘理,1408613.17,-380397.76
1123027,1123027,逢隈,1408546.69,-380675.84
1123028,1123137,岩沼,1408637.83,-381120.5
1123029,1123138,館腰,1408802.08,-381429.87
1123030,1123139,名取,1408827.53,-381730.17
1123031,1123140,南仙台,1408832.96,-381973.84
1123034,1123141,太子堂,1408834.36,-382171.1
1123032,1123142,長町,1408859.86,-382267.97
1123033,1123143,仙台,1408821.58,-382600.27
1123001,1122801,いわき,1408922.73,-370582.41
1123002,1123002,草野,1409472.43,-370738.63
1123003,1123003,四ツ倉,1409809.07,-371023.38
1123004,1123004,久ノ浜,1409957.41,-371424.65
1123005,1123005,末続,1409955.65,-371721.56
1123006,1123006,広野,1409987.69,-372115.7
1123007,1123007,木戸,1410024.7,-372578.75
1123008,1123008,竜田,1410028.22,-372824.85
1123009,1123009,富岡,1410227.6,-373339.6
1123010,1123010,夜ノ森,1409919.88,-373657.61
1123011,1123011,大野,1409841.63,-374093.67
1123012,1123012,双葉,1410058.15,-374537.95
1123013,1123013,浪江,1409895.21,-374922.91
1123014,1123014,桃内,1409843.52,-375286.6
1123015,1123015,小高,1409963.75,-375629.8
1123016,1123016,磐城太田,1409914.07,-376051.14
1123017,1123017,原ノ町,1409711.61,-376379.0
1123018,1123018,鹿島,1409700.62,-377028.27
1123019,1123019,日立木,1409346.42,-377560.81
1123020,1123020,相馬,1409257.13,-378024.55
1123021,1123021,駒ケ嶺,1409250.75,-378423.53
1123022,1123022,新地,1409265.01,-378811.23
1121444,1121444,小砂川,1398856.92,-391375.07
1121445,1121445,上浜,1399028.23,-391647.38
1121446,1121446,象潟,1399022.05,-392078.0
1121447,1121447,金浦,1399206.62,-392561.83
1121448,1121448,仁賀保,1399645.96,-392897.9
1121449,1121449,西目,1400185.18,-393475.36
1121450,1121450,羽後本荘,1400576.32,-393868.77
1121451,1121451,羽後岩谷,1400906.0,-394420.75
1121452,1121452,折渡,1400910.97,-394764.23
1121453,1121453,羽後亀田,1400630.32,-394938.84
1121454,1121454,岩城みなと,1400551.22,-395454.87
1121455,1121455,道川,1400570.49,-395605.4
1121456,1121456,下浜,1400645.67,-396196.78
1121457,1121457,桂根,1400664.82,-396475.66
1121458,1121458,新屋,1400877.99,-396774.93
1121459,1121459,羽後牛島,1401164.67,-396958.34
1121460,1120228,秋田,1401299.31,-397167.48
1121423,1121423,鼠ケ関,1395488.27,-385554.33
1121424,1121424,小岩川,1395658.3,-385903.99
1121425,1121425,あつみ温泉,1395879.55,-386242.17
1121426,1121426,五十川,1396161.82,-386706.58
1121427,1121427,小波渡,1396498.36,-386924.84
1121428,1121428,三瀬,1396736.43,-386994.48
1121429,1121429,羽前水沢,1397313.72,-387134.44
1121430,1121430,羽前大山,1397681.94,-387421.55
1121431,1121431,鶴岡,1398353.8,-387401.1
1121432,1121432,藤島,1398940.87,-387686.46
1121433,1121433,西袋,1399077.54,-388115.28
1121434,1121434,余目,1399113.48,-388443.21
1121435,1121435,北余目,1399080.74,-388675.38
1121436,1121436,砂越,1399073.45,-388951.95
1121437,1121437,東酒田,1398754.95,-389075.18
1121438,1121438,酒田,1398459.87,-389221.94
1121439,1121439,本楯,1398820.81,-389686.48
1121440,1121440,南鳥海,1398986.62,-389873.6
1121441,1121441,遊佐,1399051.61,-390159.43
1121442,1121442,吹浦,1398787.62,-390699.34
1121443,1121443,女鹿,1398809.63,-390988.07
1121401,1121401,新津,1391214.45,-378003.83
1121402,1121402,京ケ瀬,1391783.22,-378176.16
1121403,1121403,水原,1392172.37,-378367.12
1121404,1121404,神山,1392446.91,-378625.86
1121405,1121405,月岡,1392724.88,-378893.34
1121406,1121406,中浦,1393026.89,-379122.02
1121407,1121407,新発田,1393351.89,-379441.2
1121408,1121408,加治,1393585.35,-379764.11
1121409,1121409,金塚,1393794.9,-380201.78
1121410,1121410,中条,1393975.41,-380493.42
1121411,1121411,平木田,1394278.35,-380943.38
1121412,1121412,坂町,1394458.38,-381192.77
1121413,1121413,平林,1394590.45,-381500.27
1121414,1121414,岩船町,1394596.43,-381835.64
1121415,1121415,村上,1394633.06,-382198.51
1121416,1121416,間島,1394502.29,-382730.78
1121417,1121417,越後早川,1394498.87,-383161.85
1121418,1121418,桑川,1394588.38,-383751.62
1121419,1121419,今川,1394683.89,-384100.81
1121420,1121420,越後寒川,1394899.48,-384486.89
1121421,1121421,勝木,1395174.68,-384903.15
1121422,1121422,府屋,1395304.52,-385133.24
1121501,1120231,追分,1400578.1,-398099.25
1121502,1121502,出戸浜,1400243.74,-398444.73
1121503,1121503,上二田,1400040.9,-398690.89
1121504,1121504,二田,1399871.71,-398817.4
1121505,1121505,天王,1399636.09,-398987.82
1121506,1121506,船越,1399468.04,-399047.3
1121507,1121507,脇本,1399026.57,-399151.72
1121508,1121508,羽立,1398620.5,-399045.69
1121509,1121509,男鹿,1398486.47,-398845.71
1121605,1121605,板谷,1402688.15,-378116.27
1121606,1121606,峠,1402360.41,-378119.35
1121607,1121607,大沢,1401980.1,-378397.75
1121608,1121608,関根,1401462.84,-378645.92
1121609,1121609,米沢,1401282.09,-379094.78
1121610,1121610,置賜,1401424.96,-379540.93
1121611,1121611,高畠,1401528.1,-379923.14
1121612,1121612,赤湯,1401489.78,-380470.81
1121613,1121613,中川,1402035.53,-380933.49
1121614,1121614,羽前中山,1402183.18,-381241.58
1121615,1121615,かみのやま温泉,1402786.7,-381522.59
1121616,1121616,茂吉記念館前,1402981.67,-381712.49
1121617,1121617,蔵王,1403032.99,-382059.2
1121618,1121618,山形,1403272.53,-382480.98
1121619,1121619,北山形,1403326.58,-382659.02
1121620,1121620,羽前千歳,1403421.68,-382873.13
1121621,1121621,南出羽,1403446.92,-383028.34
1121622,1121622,漆山,1403476.61,-383144.77
1121623,1121623,高擶,1403588.32,-383307.26
1121636,1121636,天童南,1403658.53,-383424.89
1121624,1121624,天童,1403693.03,-383598.9
1121625,1121625,乱川,1403746.63,-383865.54
1121626,1121626,神町,1403783.89,-384122.76
1121627,1121627,さくらんぼ東根,1403806.77,-384280.6
1121628,1121628,東根,1403840.35,-384508.63
1121629,1121629,村山,1403863.99,-384770.78
1121630,1121630,袖崎,1403912.95,-385482.59
1121631,1121631,大石田,1403753.49,-385959.16
1121632,1121632,北大石田,1403712.34,-386294.87
1121633,1121633,芦沢,1403610.16,-386552.58
1121634,1121634,舟形,1403161.57,-386915.83
1121635,1120201,新庄,1403060.64,-387625.6
1121601,1123124,福島,1404596.8,-377541.23
1121602,1121602,笹木野,1404259.85,-377659.26
1121603,1121603,庭坂,1403898.47,-377715.37
1121604,1121604,赤岩,1403355.45,-378056.7
1121801,1121618,山形,1403272.53,-382480.98
1121802,1121619,北山形,1403326.58,-382659.02
1121803,1121803,東金井,1403026.66,-382770.58
1121804,1121804,羽前山辺,1402715.71,-382947.56
1121805,1121805,羽前金沢,1402705.16,-383208.37
1121806,1121806,羽前長崎,1402730.18,-383329.69
1121807,1121807,南寒河江,1402776.7,-383560.33
1121808,1121808,寒河江,1402744.87,-383725.48
1121809,1121809,西寒河江,1402666.2,-383796.27
1121810,1121810,羽前高松,1402486.66,-383974.94
1121811,1121811,柴橋,1402258.2,-383808.74
1121812,1121812,左沢,1402081.32,-383822.23
1121901,1121609,米沢,1401282.09,-379094.78
1121902,1121902,南米沢,1401083.64,-378960.43
1121903,1121903,西米沢,1400848.1,-379172.79
1121904,1121904,成島,1400755.84,-379433.5
1121905,1121905,中郡,1400672.86,-379691.09
1121906,1121906,羽前小松,1400485.03,-380047.21
1121907,1121907,犬川,1400520.38,-380253.33
1121908,1121908,今泉,1400441.2,-380566.97
1121909,1121909,萩生,1400042.07,-380618.2
1121910,1121910,羽前椿,1399942.93,-380386.36
1121911,1121911,手ノ子,1399612.64,-380117.66
1121912,1121912,羽前沼沢,1398724.97,-380286.98
1121913,1121913,伊佐領,1398226.35,-380510.5
1121914,1121914,羽前松岡,1397804.45,-380453.91
1121915,1121915,小国,1397501.67,-380614.22
1121916,1121916,越後金丸,1396635.21,-380664.74
1121917,1121917,越後片貝,1396223.9,-380707.12
1121918,1121918,越後下関,1395600.24,-380900.37
1121919,1121919,越後大島,1395182.09,-380997.21
1121920,1121412,坂町,1394458.38,-381192.77
1122001,1120201,新庄,1403060.64,-387625.6
1122002,1122002,升形,1402442.3,-387516.46
1122003,1122003,羽前前波,1402095.25,-387476.54
1122004,1122004,津谷,1401863.75,-387376.18
1122005,1122005,古口,1401460.2,-387371.29
1122006,1122006,高屋,1400709.36,-387525.67
1122007,1122007,清川,1400207.61,-387901.52
1122008,1122008,狩川,1399767.77,-387936.7
1122009,1122009,南野,1399447.42,-388181.3
1122010,1121434,余目,1399113.48,-388443.21
1122501,1123114,郡山,1403893.63,-373981.87
1122516,1122516,郡山富田,1403695.0,-374203.61
1122502,1122502,喜久田,1403419.12,-374517.46
1122503,1122503,安子ケ島,1403101.33,-374720.48
1122504,1122504,磐梯熱海,1402707.0,-374807.43
1122505,1122505,中山宿,1402194.01,-374956.48
1122506,1122506,上戸,1401635.38,-374878.48
1122507,1122507,猪苗代湖畔,1401475.64,-375005.63
1122508,1122508,関都,1401436.19,-375155.77
1122509,1122509,川桁,1401368.69,-375356.39
1122510,1122510,猪苗代,1401031.22,-375462.86
1122511,1122511,翁島,1400540.79,-375528.37
1122512,1122512,磐梯町,1399934.13,-375573.05
1122513,1122513,東長原,1399482.39,-375664.65
1122514,1122514,広田,1399333.43,-375492.35
1122515,1122515,会津若松,1399301.59,-375088.24
1122601,1122515,会津若松,1399301.59,-375088.24
1122602,1122602,堂島,1399117.06,-375547.23
1122603,1122603,笈川,1398953.18,-375791.17
1122604,1122604,塩川,1398871.6,-375939.3
1122605,1122605,姥堂,1398810.01,-376159.52
1122606,1122606,会津豊川,1398767.87,-376334.99
1122607,1122607,喜多方,1398683.65,-376438.86
1122608,1122608,山都,1397665.34,-376392.28
1122609,1122609,荻野,1397221.19,-376176.13
1122610,1122610,尾登,1396915.42,-376090.24
1122611,1122611,野沢,1396446.2,-375908.98
1122612,1122612,上野尻,1396338.69,-376250.41
1122613,1122613,徳沢,1396028.79,-376668.76
1122614,1122614,豊実,1395763.48,-376805.41
1122615,1122615,日出谷,1395339.85,-377056.99
1122616,1122616,鹿瀬,1394796.63,-376956.56
1122617,1122617,津川,1394471.36,-376881.7
1122618,1122618,三川,1393814.82,-377083.5
1122619,1122619,五十島,1393534.19,-377159.74
1122620,1122620,東下条,1393218.15,-377368.76
1122621,1122621,咲花,1392909.5,-377350.03
1122622,1122622,馬下,1392604.66,-377375.69
1122623,1122623,猿和田,1392224.81,-377295.94
1122624,1122624,五泉,1391797.85,-377343.73
1122625,1122625,北五泉,1391697.58,-377467.85
1122626,1122626,新関,1391625.08,-377680.96
1122627,1122627,東新津,1391437.68,-377876.38
1122628,1121401,新津,1391214.45,-378003.83
1122701,1122515,会津若松,1399301.59,-375088.24
1122702,1122702,七日町,1399189.58,-375012.1
1122703,1122703,西若松,1399141.72,-374860.34
1122704,1122704,会津本郷,1398929.87,-374634.88
1122705,1122705,会津高田,1398412.66,-374708.39
1122706,1122706,根岸,1398286.03,-375018.85
1122707,1122707,新鶴,1398284.99,-375171.61
1122708,1122708,若宮,1398283.21,-375352.43
1122709,1122709,会津坂下,1398215.09,-375566.95
1122710,1122710,塔寺,1397852.41,-375693.68
1122711,1122711,会津坂本,1397568.02,-375532.66
1122712,1122712,会津柳津,1397238.17,-375386.64
1122713,1122713,郷戸,1397099.11,-375163.6
1122714,1122714,滝谷,1396979.9,-374943.15
1122715,1122715,会津桧原,1396793.82,-374916.64
1122716,1122716,会津西方,1396615.28,-374809.37
1122717,1122717,会津宮下,1396471.02,-374711.69
1122718,1122718,早戸,1395936.05,-374699.53
1122719,1122719,会津水沼,1395607.33,-374830.26
1122720,1122720,会津中川,1395321.35,-374737.85
1122721,1122721,会津川口,1395238.4,-374550.76
1122722,1122722,本名,1394988.2,-374447.6
1122723,1122723,会津越川,1394694.05,-373986.84
1122724,1122724,会津横田,1394358.53,-373923.53
1122725,1122725,会津大塩,1394130.44,-373928.03
1122726,1122726,会津塩沢,1393550.96,-373935.99
1122727,1122727,会津蒲生,1393332.13,-373817.75
1122728,1122728,只見,1393147.83,-373502.39
1122729,1122729,田子倉,1392551.42,-373178.69
1122730,1122730,大白川,1391213.73,-373416.87
1122731,1122731,柿ノ木,1390893.3,-373411.95
1122732,1122732,入広瀬,1390659.9,-373588.18
1122733,1122733,上条,1390506.98,-373468.36
1122734,1122734,越後須原,1390174.63,-373205.91
1122735,1122735,魚沼田中,1389925.78,-372944.13
1122736,1122736,越後広瀬,1389811.41,-372743.63
1122737,1122737,藪神,1389756.98,-372567.37
1122738,1122738,小出,1389535.26,-372335.81
1122801,1122801,いわき,1408922.73,-370582.41
1122802,1122802,赤井,1408662.94,-370806.31
1122803,1122803,小川郷,1408625.14,-371264.46
1122804,1122804,江田,1408260.9,-371793.89
1122805,1122805,川前,1407503.35,-372055.9
1122806,1122806,夏井,1406625.52,-372531.08
1122807,1122807,小野新町,1406365.6,-372758.19
1122808,1122808,神俣,1406594.87,-373241.86
1122809,1122809,菅谷,1406441.85,-373510.24
1122810,1122810,大越,1406306.93,-373867.46
1122811,1122811,磐城常葉,1406055.79,-374206.11
1122812,1122812,船引,1405745.58,-374429.1
1122813,1122813,要田,1405207.73,-374539.69
1122814,1122814,三春,1404792.75,-374498.41
1122815,1122815,舞木,1404350.74,-374167.16
1122816,1123114,郡山,1403893.63,-373981.87
1122930,1122930,勿来,1407865.06,-368838.83
1122931,1122931,植田,1407964.68,-369206.49
1122932,1122932,泉,1408541.25,-369556.02
1122933,1122933,湯本,1408498.84,-370069.22
1122934,1122934,内郷,1408550.05,-370358.95
1122935,1122801,いわき,1408922.73,-370582.41
1122901,1122901,取手,1400630.04,-358955.3
1122902,1122902,藤代,1401182.51,-359205.65
1122903,1122903,佐貫,1401382.17,-359300.66
1122904,1122904,牛久,1401410.39,-359753.14
1122905,1122905,ひたち野うしく,1401584.08,-360079.96
1122906,1122906,荒川沖,1401659.2,-360305.52
1122907,1122907,土浦,1402062.38,-360786.44
1122908,1122908,神立,1402486.15,-361204.24
1122909,1122909,高浜,1402947.45,-361638.82
1122910,1122910,石岡,1402797.09,-361915.54
1122911,1122911,羽鳥,1402867.9,-362476.61
1122912,1122912,岩間,1402764.93,-362955.08
1122913,1122913,友部,1403063.06,-363505.97
1122914,1122914,内原,1403528.2,-363701.11
1122915,1122915,赤塚,1404152.48,-363817.55
1122916,1122916,偕楽園,1404562.92,-363730.41
1122917,1122917,水戸,1404767.6,-363709.11
1122918,1122918,勝田,1405244.82,-363940.33
1122919,1122919,佐和,1405404.77,-364304.09
1122920,1122920,東海,1405658.35,-364653.78
1122921,1122921,大甕,1406193.62,-365130.52
1122922,1122922,常陸多賀,1406326.82,-365521.45
1122923,1122923,日立,1406618.83,-365904.08
1122924,1122924,小木津,1406752.6,-366365.33
1122925,1122925,十王,1406862.3,-366713.85
1122926,1122926,高萩,1407167.07,-367148.73
1122927,1122927,南中郷,1407290.28,-367535.01
1122928,1122928,磯原,1407463.66,-367906.84
1122929,1122929,大津港,1407780.01,-368460.85
1133827,1133827,矢祭山,1403952.78,-368497.8
1133828,1133828,東館,1404233.14,-368702.64
1133829,1133829,南石井,1404169.02,-368946.25
1133830,1133830,磐城石井,1404153.21,-369045.16
1133831,1133831,磐城塙,1404120.5,-369586.2
1133832,1133832,近津,1403936.99,-370004.87
1133833,1133833,中豊,1403932.53,-370224.79
1133834,1133834,磐城棚倉,1403844.23,-370351.27
1133835,1133835,磐城浅川,1404143.29,-370797.87
1133836,1133836,里白石,1404166.55,-371041.95
1133837,1133837,磐城石川,1404439.69,-371406.35
1133838,1133838,野木沢,1404209.7,-371752.24
1133839,1133839,川辺沖,1404057.23,-371927.94
1133840,1133840,泉郷,1404052.89,-372144.94
1133841,1133841,川東,1404062.2,-372701.19
1133842,1133842,小塩江,1404302.46,-372955.33
1133843,1133843,谷田川,1404311.17,-373137.2
1133844,1133844,磐城守山,1404064.85,-373307.76
1133845,1123113,安積永盛,1403689.43,-373569.67
1133846,1123114,郡山,1403893.63,-373981.87
1133801,1122917,水戸,1404767.6,-363709.11
1133802,1133802,常陸青柳,1404844.95,-363835.82
1133803,1133803,常陸津田,1404829.14,-364041.71
1133804,1133804,後台,1404898.99,-364237.67
1133805,1133805,下菅谷,1404940.21,-364353.94
1133806,1133806,中菅谷,1404926.26,-364456.62
1133807,1133807,上菅谷,1404926.59,-364553.78
1133808,1133808,南酒出,1404984.71,-364773.61
1133809,1133809,額田,1405034.62,-364857.05
1133810,1133810,河合,1405171.18,-365082.41
1133811,1133811,谷河原,1405250.2,-365197.82
1133812,1133812,常陸太田,1405277.7,-365312.25
1133813,1133813,常陸鴻巣,1404674.55,-364724.14
1133814,1133814,瓜連,1404504.38,-364978.05
1133815,1133815,静,1404381.03,-365060.12
1133816,1133816,常陸大宮,1404124.31,-365475.54
1133817,1133817,玉川村,1403743.34,-365790.88
1133818,1133818,野上原,1403901.27,-366058.79
1133819,1133819,山方宿,1404012.44,-366246.0
1133820,1133820,中舟生,1403922.42,-366456.83
1133821,1133821,下小川,1403870.21,-366689.75
1133822,1133822,西金,1403864.68,-366954.8
1133823,1133823,上小川,1403786.04,-367192.16
1133824,1133824,袋田,1403795.83,-367547.18
1133825,1133825,常陸大子,1403508.55,-367706.57
1133826,1133826,下野宮,1403752.82,-368157.44
1131915,1131915,古河,1397097.26,-361943.75
1131916,1131916,野木,1397347.29,-362299.63
1131917,1131917,間々田,1397610.39,-362579.07
1131918,1131918,小山,1398062.41,-363127.47
1131919,1131919,小金井,1398422.32,-363744.35
1131920,1131920,自治医大,1398545.24,-363954.3
1131921,1131921,石橋,1398665.36,-364365.1
1131922,1131922,雀宮,1398768.11,-364938.45
1131923,1131923,宇都宮,1398983.89,-365592.46
1131924,1131924,岡本,1399443.63,-365981.82
1131925,1131925,宝積寺,1399794.87,-366317.03
1131926,1131926,氏家,1399621.0,-366816.96
1131927,1131927,蒲須坂,1399504.61,-367207.27
1131928,1131928,片岡,1399456.65,-367545.57
1131929,1131929,矢板,1399329.12,-368065.5
1131930,1131930,野崎,1399577.52,-368437.22
1131931,1131931,西那須野,1399863.83,-368837.26
1131932,1131932,那須塩原,1400206.94,-369319.56
1131933,1123101,黒磯,1400602.04,-369701.28
1131904,1131904,浦和,1396571.09,-358584.96
1131905,1131905,さいたま新都心,1396335.87,-358938.67
1131906,1131906,大宮,1396240.5,-359064.39
1131907,1131907,土呂,1396321.4,-359319.97
1131908,1131908,東大宮,1396402.91,-359487.51
1131909,1131909,蓮田,1396530.16,-359812.72
1131910,1131910,白岡,1396668.26,-360177.4
1131911,1131911,新白岡,1396720.8,-360387.32
1131912,1131912,久喜,1396772.7,-360656.84
1131913,1131913,東鷲宮,1396791.3,-360894.28
1131914,1131914,栗橋,1396941.77,-361368.52
1131901,1130220,上野,1397770.43,-357137.9
1131902,1131902,尾久,1397538.46,-357468.3
1131903,1131903,赤羽,1397209.28,-357780.26
1132019,1122901,取手,1400630.04,-358955.3
1132009,1132009,松戸,1399007.79,-357844.72
1132010,1132010,北松戸,1399115.28,-358004.59
1132011,1132011,馬橋,1399173.05,-358116.82
1132012,1130519,新松戸,1399210.76,-358254.67
1132013,1132013,北小金,1399313.03,-358334.36
1132014,1132014,南柏,1399541.11,-358446.55
1132015,1132015,柏,1399711.48,-358623.16
1132016,1132016,北柏,1399880.35,-358756.23
1132017,1132017,我孫子,1400104.66,-358727.9
1132018,1132018,天王台,1400412.1,-358725.58
1132001,1130220,上野,1397770.43,-357137.9
1132002,1130218,日暮里,1397712.87,-357279.08
1132003,1132003,三河島,1397771.31,-357333.83
1132004,1132004,南千住,1397994.0,-357340.33
1132005,1132005,北千住,1398048.72,-357496.77
1132006,1132006,綾瀬,1398250.19,-357622.22
1132007,1132007,亀有,1398475.73,-357665.27
1132008,1132008,金町,1398704.82,-357695.82
1132904,1132904,潮来,1405494.73,-359369.04
1132905,1132905,延方,1405887.5,-359580.72
1132906,1132906,鹿島神宮,1406256.76,-359706.14
1132907,1132907,鹿島サッカースタジアム（臨）,1406360.6,-359927.07
1132901,1132710,佐原,1404940.74,-358945.22
1132902,1132711,香取,1405323.67,-358978.56
1132903,1132903,十二橋,1405457.07,-359169.84
1133902,1133902,小田林,1398535.3,-363007.75
1133903,1133903,結城,1398730.28,-362980.56
1133904,1133904,東結城,1398914.85,-362965.54
1133905,1133905,川島,1399163.82,-362959.18
1133906,1133906,玉戸,1399384.5,-362985.47
1133907,1133907,下館,1399786.6,-363041.97
1133908,1133908,新治,1400390.76,-363280.82
1133909,1133909,大和,1400732.16,-363455.67
1133910,1133910,岩瀬,1401087.39,-363593.77
1133911,1133911,羽黒,1401429.47,-363552.92
1133912,1133912,福原,1401872.49,-363515.07
1133913,1133913,稲田,1402150.1,-363689.03
1133914,1133914,笠間,1402465.15,-363730.56
1133915,1133915,宍戸,1402882.43,-363447.63
1133916,1122913,友部,1403063.06,-363505.97
1133901,1131918,小山,1398062.41,-363127.47
1133401,1131925,宝積寺,1399794.87,-366317.03
1133402,1133402,下野花岡,1400086.06,-366499.65
1133403,1133403,仁井田,1400295.73,-366572.71
1133404,1133404,鴻野山,1400516.56,-366664.95
1133405,1133405,大金,1400956.56,-366562.75
1133406,1133406,小塙,1401165.6,-366430.95
1133407,1133407,滝,1401381.52,-366485.58
1133408,1133408,烏山,1401550.7,-366504.55
1134001,1131923,宇都宮,1398983.89,-365592.46
1134002,1134002,鶴田,1398588.18,-365383.19
1134003,1134003,鹿沼,1397629.61,-365712.22
1134004,1134004,文挟,1397277.78,-366377.16
1134005,1134005,下野大沢,1397323.67,-366864.27
1134006,1134006,今市,1396873.48,-367203.88
1134007,1134007,日光,1396221.5,-367474.0
1134112,1134112,小俣,1393744.16,-363749.6
1134113,1134113,山前,1394113.22,-363473.69
1134114,1134114,足利,1394562.95,-363318.88
1134115,1134115,富田,1395286.5,-363162.09
1134116,1134116,佐野,1395788.58,-363166.68
1134117,1134117,岩舟,1396579.55,-363265.61
1134118,1134118,大平下,1396972.64,-363443.15
1134119,1134119,栃木,1397310.37,-363719.12
1134120,1134120,思川,1397810.79,-363510.44
1134121,1131918,小山,1398062.41,-363127.47
1134101,1131816,高崎,1390123.54,-363222.39
1134102,1134102,高崎問屋町,1390170.89,-363460.97
1134103,1134103,井野,1390232.47,-363574.57
1134104,1134104,新前橋,1390469.24,-363789.36
1134105,1134105,前橋,1390728.33,-363833.99
1134106,1134106,前橋大島,1391095.57,-363705.85
1134107,1134107,駒形,1391394.83,-363541.45
1134108,1134108,伊勢崎,1391937.04,-363268.49
1134109,1134109,国定,1392424.63,-363590.18
1134110,1134110,岩宿,1392970.58,-363958.61
1134111,1134111,桐生,1393331.9,-364110.9
1131813,1131813,群馬藤岡,1390833.8,-362503.36
1131814,1131814,北藤岡,1390807.79,-362824.69
1131815,1131815,倉賀野,1390494.74,-363002.16
1131816,1131816,高崎,1390123.54,-363222.39
1131801,1131709,高麗川,1393380.9,-358963.28
1131802,1131802,毛呂,1393092.37,-359408.06
1131803,1131803,越生,1392994.37,-359625.59
1131804,1131804,明覚,1392887.89,-360033.09
1131805,1131805,小川町,1392604.12,-360590.3
1131806,1131806,竹沢,1392299.52,-360754.66
1131807,1131807,折原,1391952.05,-360962.96
1131808,1131808,寄居,1391942.24,-361180.13
1131809,1131809,用土,1392007.58,-361538.58
1131810,1131810,松久,1391821.27,-361729.38
1131811,1131811,児玉,1391358.2,-361926.24
1131812,1131812,丹荘,1391023.06,-362166.68
1132322,1132322,新町,1391054.57,-362729.84
1132323,1131815,倉賀野,1390494.74,-363002.16
1132324,1131816,高崎,1390123.54,-363222.39
1132304,1131904,浦和,1396571.09,-358584.96
1132305,1131905,さいたま新都心,1396335.87,-358938.67
1132306,1131906,大宮,1396240.5,-359064.39
1132307,1132307,宮原,1396094.55,-359402.56
1132308,1132308,上尾,1395884.34,-359735.22
1132309,1132309,北上尾,1395772.23,-359856.32
1132310,1132310,桶川,1395642.74,-359983.75
1132311,1132311,北本,1395335.91,-360321.12
1132312,1132312,鴻巣,1395095.52,-360592.0
1132313,1132313,北鴻巣,1394768.94,-360855.29
1132314,1132314,吹上,1394531.2,-361030.62
1132315,1132315,行田,1394321.03,-361138.79
1132316,1132316,熊谷,1393895.28,-361396.27
1132317,1132317,籠原,1393301.99,-361744.8
1132318,1132318,深谷,1392812.7,-361913.44
1132319,1132319,岡部,1392376.22,-362056.45
1132320,1132320,本庄,1391882.99,-362362.29
1132321,1132321,神保原,1391491.72,-362535.9
1132301,1130220,上野,1397770.43,-357137.9
1132302,1131902,尾久,1397538.46,-357468.3
1132303,1131903,赤羽,1397209.28,-357780.26
1133501,1133501,渋川,1390087.86,-364912.51
1133502,1133502,金島,1389764.21,-365295.02
1133503,1133503,祖母島,1389570.42,-365407.29
1133504,1133504,小野上,1389222.02,-365525.24
1133505,1133505,小野上温泉,1389048.82,-365569.09
1133506,1133506,市城,1388822.47,-365706.85
1133507,1133507,中之条,1388509.08,-365855.41
1133508,1133508,群馬原町,1388240.91,-365716.94
1133509,1133509,郷原,1388010.73,-365487.6
1133510,1133510,矢倉,1387842.8,-365527.31
1133511,1133511,岩島,1387598.73,-365632.39
1133512,1133512,川原湯温泉,1387076.7,-365536.3
1133513,1133513,長野原草津口,1386495.9,-365465.0
1133514,1133514,群馬大津,1386280.45,-365537.92
1133515,1133515,羽根尾,1386055.02,-365501.64
1133516,1133516,袋倉,1385791.41,-365439.97
1133517,1133517,万座・鹿沢口,1385513.95,-365319.67
1133518,1133518,大前,1385289.66,-365136.96
1133701,1131816,高崎,1390123.54,-363222.39
1133702,1133702,北高崎,1390010.76,-363387.91
1133703,1133703,群馬八幡,1389574.33,-363376.41
1133704,1133704,安中,1389143.68,-363316.57
1133705,1133705,磯部,1388496.5,-362983.97
1133706,1133706,松井田,1387977.05,-363091.51
1133707,1133707,西松井田,1387866.75,-363160.67
1133708,1133708,横川,1387379.26,-363360.09
1134201,1131816,高崎,1390123.54,-363222.39
1134202,1134102,高崎問屋町,1390170.89,-363460.97
1134203,1134103,井野,1390232.47,-363574.57
1134204,1134104,新前橋,1390469.24,-363789.36
1134205,1134205,群馬総社,1390322.21,-364155.74
1134206,1134206,八木原,1390192.39,-364637.38
1134207,1133501,渋川,1390087.86,-364912.51
1134208,1134208,敷島,1390338.97,-365376.36
1134209,1134209,津久田,1390428.06,-365610.63
1134210,1134210,岩本,1390474.38,-366021.84
1134211,1134211,沼田,1390357.34,-366425.13
1134212,1134212,後閑,1390000.78,-366795.47
1134213,1134213,上牧,1389845.33,-367356.16
1134214,1134214,水上,1389688.0,-367786.14
1134215,1134215,湯檜曽,1389862.09,-368026.83
1134216,1134216,土合,1389679.59,-368306.96
1134217,1134217,土樽,1388614.46,-368752.77
1134218,1134218,越後中里,1388484.6,-369103.98
1134219,1134219,岩原スキー場前,1388394.38,-369241.46
1134220,1134220,越後湯沢,1388092.27,-369357.99
1134221,1134221,石打,1388042.21,-369886.63
1134222,1134222,大沢,1388213.1,-370211.7
1134223,1134223,上越国際スキー場前,1388279.73,-370287.55
1134224,1134224,塩沢,1388483.99,-370414.63
1134225,1134225,六日町,1388758.72,-370670.65
1134226,1134226,五日町,1389083.46,-371199.0
1134227,1134227,浦佐,1389227.98,-371674.88
1134228,1134228,八色,1389348.54,-371917.47
1134229,1122738,小出,1389535.26,-372335.81
1134230,1134230,越後堀之内,1389280.03,-372391.3
1134231,1134231,北堀之内,1388963.72,-372558.8
1134232,1134232,越後川口,1388615.14,-372729.83
1134233,1134233,小千谷,1388132.33,-373098.22
1134234,1134234,越後滝谷,1388349.32,-373687.24
1134235,1134235,宮内,1388402.04,-374222.23
1134236,1134236,長岡,1388539.27,-374477.87
1130506,1130506,東所沢,1395138.78,-357946.1
1130507,1130507,新座,1395563.28,-358038.1
1130508,1130508,北朝霞,1395873.22,-358154.75
1130509,1130509,西浦和,1396277.07,-358441.39
1130510,1130510,武蔵浦和,1396479.74,-358460.47
1130511,1130511,南浦和,1396691.25,-358476.48
1130512,1130512,東浦和,1397046.27,-358640.79
1130513,1130513,東川口,1397440.87,-358752.46
1130514,1130514,南越谷,1397904.99,-358761.06
1130525,1130525,越谷レイクタウン,1398202.19,-358762.2
1130515,1130515,吉川,1398431.62,-358766.2
1130526,1130526,吉川美南,1398581.67,-358680.56
1130516,1130516,新三郷,1398693.41,-358586.67
1130517,1130517,三郷,1398863.41,-358450.04
1130518,1130518,南流山,1399038.65,-358380.35
1130519,1130519,新松戸,1399210.76,-358254.67
1130520,1130520,新八柱,1399383.93,-357920.13
1130521,1130521,東松戸,1399438.48,-357706.11
1130522,1130522,市川大野,1399512.27,-357554.32
1130523,1130523,船橋法典,1399667.71,-357304.35
1130524,1130524,西船橋,1399595.36,-357072.83
1130501,1130320,府中本町,1394771.42,-356657.66
1130502,1130502,北府中,1394717.92,-356808.8
1130503,1130503,西国分寺,1394659.94,-356997.44
1130504,1130504,新小平,1394707.45,-357312.8
1130505,1130505,新秋津,1394935.92,-357783.31
1131707,1131707,金子,1393285.46,-358108.22
1131708,1131708,東飯能,1393259.65,-358529.28
1131709,1131709,高麗川,1393380.9,-358963.28
1131701,1130620,八王子,1393389.98,-356555.55
1131702,1131702,北八王子,1393633.48,-356692.32
1131703,1131703,小宮,1393684.81,-356857.99
1131704,1131506,拝島,1393434.68,-357212.78
1131705,1131705,東福生,1393359.4,-357458.11
1131706,1131706,箱根ケ崎,1393468.05,-357711.58
1132111,1132111,戸田公園,1396782.03,-358079.06
1132112,1132112,戸田,1396695.48,-358176.65
1132113,1132113,北戸田,1396612.01,-358268.83
1132114,1130510,武蔵浦和,1396468.09,-358454.22
1132115,1132115,中浦和,1396375.0,-358537.69
1132116,1132116,南与野,1396311.17,-358674.56
1132117,1132117,与野本町,1396260.75,-358809.68
1132118,1132118,北与野,1396285.21,-358906.78
1132119,1131906,大宮,1396240.5,-359064.39
1132120,1132120,日進,1396061.11,-359315.55
1132121,1132121,指扇,1395649.51,-359170.23
1132122,1132122,南古谷,1395190.82,-359033.44
1132123,1132123,川越,1394830.78,-359067.42
1132101,1130201,大崎,1397284.39,-356197.72
1132102,1130204,恵比寿,1397100.7,-356466.85
1132103,1130205,渋谷,1397012.38,-356588.71
1132104,1130208,新宿,1397004.64,-356897.29
1132105,1130212,池袋,1397110.86,-357302.56
1132106,1132106,板橋,1397195.07,-357454.35
1132107,1132107,十条,1397222.33,-357603.21
1132108,1131903,赤羽,1397209.28,-357780.26
1132109,1132109,北赤羽,1397056.9,-357870.07
1132110,1132110,浮間舟渡,1396913.41,-357912.09
1132201,1131906,大宮,1396240.5,-359064.39
1132202,1132120,日進,1396061.11,-359315.55
1132211,1132211,西大宮,1395797.96791,-359222.813337
1132203,1132121,指扇,1395649.51,-359170.23
1132204,1132122,南古谷,1395190.82,-359033.44
1132205,1132123,川越,1394830.78,-359067.42
1132206,1132206,西川越,1394597.46,-359190.9
1132207,1132207,的場,1394353.76,-359174.78
1132208,1132208,笠幡,1394062.2,-359075.51
1132209,1132209,武蔵高萩,1393711.23,-359017.29
1132210,1131709,高麗川,1393380.9,-358963.28
1132804,1131906,大宮,1396240.5,-359064.39
1132810,1131339,千葉,1401128.37,-356134.25
1132811,1131413,四街道,1401650.23,-356627.56
1132812,1132703,成田,1403138.53,-357777.96
1132813,1132813,空港第２ビル（第２旅客ターミナル）,1403871.63,-357736.93
1132814,1132705,成田空港（第１旅客ターミナル）,1403846.44,-357639.83
1132805,1130212,池袋,1397110.86,-357302.56
1132806,1130208,新宿,1397004.64,-356897.29
1132815,1131112,高尾,1392822.88,-356420.26
1132816,1130620,八王子,1393389.98,-356555.55
1132817,1130325,立川,1394137.04,-356982.02
1132818,1131106,国分寺,1394808.41,-357001.23
1132819,1131105,三鷹,1395603.25,-357026.83
1132820,1131104,吉祥寺,1395797.65,-357031.19
1132807,1130205,渋谷,1397012.38,-356588.71
1132808,1130103,品川,1397389.99,-356287.6
1132809,1130101,東京,1397661.03,-356813.91
1132801,1130107,大船,1395311.27,-353534.66
1132802,1130106,戸塚,1395342.82,-354004.32
1132803,1130105,横浜,1396227.04,-354661.95
1132821,1130307,武蔵小杉,1396632.78,-355759.65
1133201,1131906,大宮,1396240.5,-359064.39
1133202,1131905,さいたま新都心,1396335.87,-358938.67
1133203,1133203,与野,1396390.85,-358843.93
1133204,1133204,北浦和,1396459.51,-358720.53
1133205,1131904,浦和,1396571.09,-358584.96
1133206,1130511,南浦和,1396691.25,-358476.48
1133207,1133207,蕨,1396903.57,-358279.59
1133208,1133208,西川口,1397043.12,-358155.14
1133209,1133209,川口,1397174.72,-358018.69
1133210,1131903,赤羽,1397209.28,-357780.26
1133211,1133211,東十条,1397268.58,-357638.03
1133212,1133212,王子,1397380.9,-357525.38
1133213,1133213,上中里,1397457.69,-357472.8
1133214,1130216,田端,1397612.29,-357377.81
1133215,1130217,西日暮里,1397668.57,-357319.54
1133216,1130218,日暮里,1397712.87,-357279.08
1133217,1130219,鶯谷,1397780.15,-357214.84
1133218,1130220,上野,1397770.43,-357137.9
1133219,1130221,御徒町,1397747.27,-357072.82
1133220,1130222,秋葉原,1397732.88,-356986.19
1133221,1130223,神田,1397706.41,-356911.73
1133222,1130101,東京,1397661.03,-356813.91
1133223,1130225,有楽町,1397638.06,-356754.41
1133224,1130102,新橋,1397585.87,-356661.95
1133225,1130227,浜松町,1397571.35,-356553.91
1133226,1130228,田町,1397475.75,-356457.36
1133227,1130103,品川,1397389.99,-356287.6
1133228,1133228,大井町,1397348.5,-356062.57
1133229,1133229,大森,1397280.79,-355889.03
1133230,1133230,蒲田,1397160.32,-355625.17
1133231,1130104,川崎,1396974.85,-355313.11
1133232,1130401,鶴見,1396761.4,-355083.87
1133233,1133233,新子安,1396547.76,-354870.64
1133234,1130601,東神奈川,1396334.66,-354780.4
1133235,1130105,横浜,1396227.04,-354661.95
1133236,1130702,桜木町,1396308.81,-354511.12
1133237,1130703,関内,1396369.84,-354433.36
1133238,1130704,石川町,1396429.34,-354388.08
1133239,1130705,山手,1396464.25,-354268.91
1133240,1130706,根岸,1396360.34,-354158.87
1133241,1130707,磯子,1396179.16,-353998.81
1133242,1130708,新杉田,1396194.83,-353868.63
1133243,1130709,洋光台,1395968.52,-353787.85
1133244,1130710,港南台,1395762.43,-353751.83
1133245,1130711,本郷台,1395501.59,-353678.7
1133246,1130107,大船,1395311.27,-353534.66
1133301,1131906,大宮,1396240.5,-359064.39
1133316,1131904,浦和,1396571.09,-358584.96
1133302,1131903,赤羽,1397209.28,-357780.26
1133303,1130212,池袋,1397110.86,-357302.56
1133304,1130208,新宿,1397004.64,-356897.29
1133305,1130205,渋谷,1397012.38,-356588.71
1133306,1130204,恵比寿,1397100.7,-356466.85
1133307,1130201,大崎,1397284.39,-356197.72
1133308,1130804,西大井,1397217.29,-356016.16
1133315,1130307,武蔵小杉,1396596.3,-355766.9
1133309,1130805,新川崎,1396714.81,-355517.84
1133310,1130105,横浜,1396227.04,-354661.95
1133311,1130807,保土ケ谷,1395996.71,-354467.46
1133312,1130808,東戸塚,1395567.94,-354303.53
1133313,1130106,戸塚,1395342.82,-354004.32
1133314,1130107,大船,1395311.27,-353534.66
1131327,1131327,市川,1399081.42,-357289.03
1131328,1131328,本八幡,1399274.1,-357208.98
1131329,1131329,下総中山,1399430.92,-357142.76
1131330,1130524,西船橋,1399595.36,-357072.83
1131331,1131331,船橋,1399847.07,-357018.65
1131332,1131332,東船橋,1400039.3,-356998.11
1131333,1131333,津田沼,1400201.79,-356913.67
1131334,1131334,幕張本郷,1400422.41,-356726.64
1131335,1131335,幕張,1400578.99,-356594.0
1131336,1131336,新検見川,1400730.25,-356516.9
1131337,1131337,稲毛,1400925.6,-356372.64
1131338,1131338,西千葉,1401033.37,-356226.39
1131339,1131339,千葉,1401128.37,-356134.25
1131301,1131105,三鷹,1395603.25,-357026.83
1131302,1131104,吉祥寺,1395797.65,-357031.19
1131303,1131218,西荻窪,1395993.61,-357038.42
1131304,1131217,荻窪,1396201.09,-357045.23
1131305,1131216,阿佐ケ谷,1396358.68,-357048.18
1131306,1131215,高円寺,1396496.64,-357053.26
1131307,1131214,中野,1396658.35,-357057.65
1131308,1131308,東中野,1396844.36,-357065.29
1131309,1131309,大久保,1396973.2,-357007.84
1131310,1130208,新宿,1397004.64,-356897.29
1131311,1130207,代々木,1397020.42,-356830.61
1131312,1131312,千駄ケ谷,1397116.44,-356812.31
1131313,1131313,信濃町,1397207.29,-356800.31
1131314,1131102,四ツ谷,1397306.44,-356860.41
1131315,1131315,市ケ谷,1397352.41,-356911.05
1131316,1131316,飯田橋,1397451.43,-357018.35
1131317,1131317,水道橋,1397543.12,-357020.39
1131318,1131203,御茶ノ水,1397649.55,-356996.05
1131319,1130222,秋葉原,1397732.88,-356986.19
1131320,1131320,浅草橋,1397844.27,-356974.03
1131321,1131321,両国,1397933.34,-356957.9
1131322,1131322,錦糸町,1398141.36,-356968.02
1131323,1131323,亀戸,1398262.62,-356973.45
1131324,1131324,平井,1398421.81,-357064.3
1131325,1131325,新小岩,1398577.77,-357169.03
1131326,1131326,小岩,1398817.55,-357332.07
1131406,1131327,市川,1399081.42,-357289.03
1131407,1131331,船橋,1399847.07,-357018.65
1131408,1131333,津田沼,1400201.79,-356913.67
1131409,1131337,稲毛,1400925.6,-356372.64
1131410,1131339,千葉,1401128.37,-356134.25
1131411,1131411,東千葉,1401222.61,-356170.14
1131412,1131412,都賀,1401492.22,-356360.88
1131413,1131413,四街道,1401650.23,-356627.56
1131414,1131414,物井,1402002.63,-356856.6
1131415,1131415,佐倉,1402267.22,-357097.43
1131416,1131416,南酒々井,1402678.28,-357042.17
1131417,1131417,榎戸,1402881.36,-356839.67
1131418,1131418,八街,1403173.04,-356632.28
1131419,1131419,日向,1403624.47,-356284.02
1131420,1131420,成東,1404101.09,-356085.13
1131421,1131421,松尾,1404575.87,-356360.4
1131422,1131422,横芝,1404907.36,-356617.39
1131423,1131423,飯倉,1405223.28,-356856.38
1131424,1131424,八日市場,1405524.19,-356993.17
1131425,1131425,干潟,1406033.04,-357183.08
1131426,1131426,旭,1406550.41,-357218.31
1131427,1131427,飯岡,1406838.96,-357293.39
1131428,1131428,倉橋,1407140.18,-357378.36
1131429,1131429,猿田,1407374.0,-357473.83
1131430,1131430,松岸,1407951.43,-357393.86
1131431,1131431,銚子,1408275.57,-357294.49
1131401,1130101,東京,1397661.03,-356813.91
1131402,1131402,新日本橋,1397732.3,-356886.87
1131403,1131403,馬喰町,1397823.8,-356933.65
1131404,1131322,錦糸町,1398141.36,-356968.02
1131405,1131325,新小岩,1398577.77,-357169.03
1132401,1131339,千葉,1401128.37,-356134.25
1132402,1132402,本千葉,1401209.87,-356012.02
1132403,1132403,蘇我,1401307.67,-355820.65
1132404,1132404,鎌取,1401785.83,-355627.95
1132405,1132405,誉田,1402137.48,-355469.96
1132406,1132406,土気,1402697.83,-355308.66
1132407,1132407,大網,1403111.11,-355224.27
1132408,1132408,永田,1403111.62,-355031.29
1132409,1132409,本納,1403075.8,-354822.7
1132410,1132410,新茂原,1402998.3,-354494.77
1132411,1132411,茂原,1403041.21,-354267.33
1132412,1132412,八積,1403453.67,-354039.71
1132413,1132413,上総一ノ宮,1403651.38,-353734.01
1132414,1132414,東浪見,1403767.06,-353466.9
1132415,1132415,太東,1403811.84,-353199.42
1132416,1132416,長者町,1403850.21,-352958.39
1132417,1132417,三門,1403915.67,-352823.77
1132418,1132418,大原,1403908.64,-352510.97
1132419,1132419,浪花,1403794.28,-352226.74
1132420,1132420,御宿,1403519.7,-351880.28
1132421,1132421,勝浦,1403121.42,-351527.22
1132422,1132422,鵜原,1402784.46,-351408.28
1132423,1132423,上総興津,1402504.87,-351371.46
1132424,1132424,行川アイランド,1402269.62,-351183.2
1132425,1132425,安房小湊,1401903.37,-351285.97
1132426,1132426,安房天津,1401544.87,-351254.73
1132427,1132427,安房鴨川,1401035.66,-351074.65
1132501,1131339,千葉,1401128.37,-356134.25
1132502,1132402,本千葉,1401209.87,-356012.02
1132503,1132403,蘇我,1401307.67,-355820.65
1132504,1132504,浜野,1401320.89,-355518.76
1132505,1132505,八幡宿,1401200.72,-355361.89
1132506,1132506,五井,1400895.22,-355129.85
1132507,1132507,姉ケ崎,1400417.49,-354786.0
1132508,1132508,長浦,1399954.78,-354502.34
1132509,1132509,袖ケ浦,1399578.8,-354319.97
1132510,1132510,巌根,1399332.29,-354142.85
1132511,1132511,木更津,1399261.1,-353816.68
1132512,1132512,君津,1398956.97,-353336.19
1132513,1132513,青堀,1398581.89,-353303.04
1132514,1132514,大貫,1398555.41,-352916.61
1132515,1132515,佐貫町,1398761.06,-352601.13
1132516,1132516,上総湊,1398710.16,-352218.55
1132517,1132517,竹岡,1398301.59,-351975.82
1132518,1132518,浜金谷,1398221.41,-351682.15
1132519,1132519,保田,1398381.14,-351414.8
1132520,1132520,安房勝山,1398333.9,-351140.22
1132521,1132521,岩井,1398498.39,-350930.62
1132522,1132522,富浦,1398378.11,-350461.4
1132523,1132523,那古船形,1398513.88,-350289.87
1132524,1132524,館山,1398618.88,-349959.0
1132525,1132525,九重,1399113.83,-349975.2
1132526,1132526,千倉,1399547.38,-349767.04
1132527,1132527,千歳,1399663.78,-349917.01
1132528,1132528,南三原,1399792.04,-350210.65
1132529,1132529,和田浦,1400195.69,-350418.85
1132530,1132530,江見,1400610.26,-350625.13
1132531,1132531,太海,1400962.29,-350814.35
1132532,1132427,安房鴨川,1401035.66,-351074.65
1132607,1132607,舞浜,1398837.14,-356361.15
1132608,1132608,新浦安,1399125.53,-356495.26
1132609,1132609,市川塩浜,1399236.84,-356665.54
1132610,1130524,西船橋,1399595.36,-357072.83
1132611,1132611,二俣新町,1399595.25,-356912.73
1132612,1132612,南船橋,1399957.73,-356818.04
1132613,1132613,新習志野,1400128.25,-356673.42
1132614,1132614,海浜幕張,1400419.17,-356483.73
1132615,1132615,検見川浜,1400588.88,-356372.91
1132616,1132616,稲毛海岸,1400740.34,-356295.01
1132617,1132617,千葉みなと,1401034.1,-356061.72
1132618,1132403,蘇我,1401307.67,-355820.65
1132601,1130101,東京,1397661.03,-356813.91
1132602,1132602,八丁堀,1397777.05,-356746.17
1132603,1132603,越中島,1397927.13,-356679.46
1132604,1132604,潮見,1398173.41,-356587.02
1132605,1132605,新木場,1398274.02,-356461.72
1132606,1132606,葛西臨海公園,1398615.29,-356443.92
1132701,1131415,佐倉,1402267.22,-357097.43
1132702,1132702,酒々井,1402752.71,-357317.37
1132703,1132703,成田,1403138.53,-357777.96
1132704,1132813,空港第２ビル（第２旅客ターミナル）,1403878.71,-357733.27
1132705,1132705,成田空港（第１旅客ターミナル）,1403846.44,-357639.83
1132706,1132706,久住,1403389.29,-358322.32
1132707,1132707,滑河,1403478.71,-358770.79
1132708,1132708,下総神崎,1404106.57,-358948.0
1132709,1132709,大戸,1404578.28,-358900.04
1132710,1132710,佐原,1404940.74,-358945.22
1132711,1132711,香取,1405323.67,-358978.56
1132712,1132712,水郷,1405701.81,-358855.08
1132713,1132713,小見川,1406045.87,-358499.71
1132714,1132714,笹川,1406557.16,-358397.53
1132715,1132715,下総橘,1407022.73,-358186.73
1132716,1132716,下総豊里,1407210.11,-357928.99
1132717,1132717,椎柴,1407588.75,-357652.04
1132718,1131430,松岸,1407951.43,-357393.86
1132719,1131431,銚子,1408275.57,-357294.49
1132720,1132017,我孫子,1400104.66,-358727.9
1132721,1132721,東我孫子,1400477.54,-358689.45
1132722,1132722,湖北,1400779.59,-358671.65
1132723,1132723,新木,1401070.48,-358623.52
1132724,1132724,布佐,1401329.3,-358493.71
1132725,1132725,木下,1401479.54,-358388.17
1132726,1132726,小林,1401930.28,-358307.83
1132727,1132727,安食,1402420.51,-358356.82
1132728,1132728,下総松崎,1402774.9,-358078.06
1133001,1132511,木更津,1399261.1,-353816.68
1133002,1133002,祇園,1399481.11,-353915.28
1133003,1133003,上総清川,1399656.12,-353909.81
1133004,1133004,東清川,1399858.47,-353900.17
1133005,1133005,横田,1400201.38,-353862.07
1133006,1133006,東横田,1400359.95,-353861.85
1133007,1133007,馬来田,1400584.85,-353668.1
1133008,1133008,下郡,1400553.72,-353550.18
1133009,1133009,小櫃,1400597.94,-353282.52
1133010,1133010,俵田,1400613.86,-353144.95
1133011,1133011,久留里,1400756.13,-352958.12
1133012,1133012,平山,1400646.82,-352743.12
1133013,1133013,上総松丘,1400640.46,-352582.26
1133014,1133014,上総亀山,1400894.79,-352331.53
1133101,1132407,大網,1403111.11,-355224.27
1133102,1133102,福俵,1403419.04,-355461.7
1133103,1133103,東金,1403637.43,-355601.72
1133104,1133104,求名,1403962.6,-355799.47
1133105,1131420,成東,1404101.09,-356085.13
1130101,1130101,東京,1397661.03,-356813.91
1130102,1130102,新橋,1397585.87,-356661.95
1130103,1130103,品川,1397389.99,-356287.6
1130104,1130104,川崎,1396974.85,-355313.11
1130105,1130105,横浜,1396227.04,-354661.95
1130106,1130106,戸塚,1395342.82,-354004.32
1130107,1130107,大船,1395311.27,-353534.66
1130108,1130108,藤沢,1394872.93,-353388.82
1130109,1130109,辻堂,1394471.06,-353368.47
1130110,1130110,茅ケ崎,1394071.97,-353307.41
1130111,1130111,平塚,1393490.63,-353276.47
1130112,1130112,大磯,1393133.88,-353112.99
1130113,1130113,二宮,1392569.25,-352986.44
1130114,1130114,国府津,1392129.32,-352808.32
1130115,1130115,鴨宮,1391801.47,-352757.44
1130116,1130116,小田原,1391557.72,-352562.25
1130117,1130117,早川,1391450.14,-352388.75
1130118,1130118,根府川,1391385.04,-352024.55
1130119,1130119,真鶴,1391321.48,-351568.37
1130120,1130120,湯河原,1391021.42,-351461.78
1130121,1130121,熱海,1390776.79,-351035.73
1130201,1130201,大崎,1397284.39,-356197.72
1130202,1130202,五反田,1397238.22,-356259.74
1130203,1130203,目黒,1397157.75,-356339.23
1130204,1130204,恵比寿,1397100.7,-356466.85
1130205,1130205,渋谷,1397012.38,-356588.71
1130206,1130206,原宿,1397025.92,-356706.46
1130207,1130207,代々木,1397020.42,-356830.61
1130208,1130208,新宿,1397004.64,-356897.29
1130209,1130209,新大久保,1397002.61,-357008.75
1130210,1130210,高田馬場,1397037.15,-357126.77
1130211,1130211,目白,1397062.28,-357204.76
1130212,1130212,池袋,1397110.86,-357302.56
1130213,1130213,大塚,1397285.84,-357314.12
1130214,1130214,巣鴨,1397393.03,-357334.45
1130215,1130215,駒込,1397480.53,-357368.25
1130216,1130216,田端,1397612.29,-357377.81
1130217,1130217,西日暮里,1397668.57,-357319.54
1130218,1130218,日暮里,1397712.87,-357279.08
1130219,1130219,鶯谷,1397780.15,-357214.84
1130220,1130220,上野,1397770.43,-357137.9
1130221,1130221,御徒町,1397747.27,-357072.82
1130222,1130222,秋葉原,1397732.88,-356986.19
1130223,1130223,神田,1397706.41,-356911.73
1130224,1130101,東京,1397661.03,-356813.91
1130225,1130225,有楽町,1397638.06,-356754.41
1130226,1130102,新橋,1397585.87,-356661.95
1130227,1130227,浜松町,1397571.35,-356553.91
1130228,1130228,田町,1397475.75,-356457.36
1130229,1130103,品川,1397389.99,-356287.6
1130317,1130317,矢野口,1395208.49,-356413.05
1130318,1130318,稲城長沼,1395028.11,-356441.84
1130319,1130319,南多摩,1394897.81,-356492.49
1130320,1130320,府中本町,1394771.42,-356657.66
1130321,1130321,分倍河原,1394687.98,-356684.93
1130329,1130329,西府,1394574.77,-356709.12
1130322,1130322,谷保,1394467.24,-356813.77
1130323,1130323,矢川,1394316.11,-356850.79
1130324,1130324,西国立,1394238.87,-356937.5
1130325,1130325,立川,1394137.04,-356982.02
1130301,1130104,川崎,1396974.85,-355313.11
1130302,1130302,尻手,1396842.33,-355309.39
1130303,1130303,矢向,1396805.5,-355394.08
1130304,1130304,鹿島田,1396749.64,-355514.59
1130305,1130305,平間,1396710.39,-355605.65
1130306,1130306,向河原,1396672.5,-355728.91
1130307,1130307,武蔵小杉,1396596.3,-355766.9
1130308,1130308,武蔵中原,1396406.13,-355814.98
1130309,1130309,武蔵新城,1396294.19,-355873.69
1130310,1130310,武蔵溝ノ口,1396113.9,-355989.23
1130311,1130311,津田山,1396000.02,-356042.59
1130312,1130312,久地,1395927.14,-356103.63
1130313,1130313,宿河原,1395795.65,-356154.29
1130314,1130314,登戸,1395700.28,-356208.89
1130315,1130315,中野島,1395501.0,-356301.35
1130316,1130316,稲田堤,1395351.73,-356337.01
1130326,1130326,八丁畷,1396914.46,-355230.71
1130327,1130327,川崎新町,1396993.48,-355182.34
1130330,1130330,小田栄,1397049.44,-355145.0
1130328,1130328,浜川崎,1397134.83,-355104.28
1130610,1130610,成瀬,1394728.75,-355354.12
1130611,1130611,町田,1394455.79,-355420.04
1130617,1130617,相原,1393316.9,-356069.4
1130618,1130618,八王子みなみ野,1393306.78,-356306.64
1130619,1130619,片倉,1393411.9,-356397.04
1130620,1130620,八王子,1393389.98,-356555.55
1130601,1130601,東神奈川,1396334.66,-354780.4
1130602,1130602,大口,1396462.88,-354923.75
1130603,1130603,菊名,1396301.47,-355097.49
1130604,1130604,新横浜,1396173.48,-355068.24
1130605,1130605,小机,1395997.87,-355085.33
1130606,1130606,鴨居,1395670.7,-355109.55
1130607,1130607,中山,1395396.92,-355147.45
1130608,1130608,十日市場,1395166.9,-355262.54
1130609,1130609,長津田,1394946.8,-355316.98
1130612,1130612,古淵,1394191.51,-355560.55
1130613,1130613,淵野辺,1393950.75,-355687.84
1130614,1130614,矢部,1393863.73,-355732.75
1130615,1130615,相模原,1393710.07,-355811.3
1130616,1130616,橋本,1393445.86,-355949.75
1130801,1130101,東京,1397661.03,-356813.91
1130802,1130102,新橋,1397585.87,-356661.95
1130803,1130103,品川,1397389.99,-356287.6
1130804,1130804,西大井,1397217.29,-356016.16
1130819,1130307,武蔵小杉,1396632.78,-355759.65
1130805,1130805,新川崎,1396714.81,-355517.84
1130806,1130105,横浜,1396227.04,-354661.95
1130807,1130807,保土ケ谷,1395996.71,-354467.46
1130808,1130808,東戸塚,1395567.94,-354303.53
1130809,1130106,戸塚,1395342.82,-354004.32
1130810,1130107,大船,1395311.27,-353534.66
1130811,1130811,北鎌倉,1395451.34,-353371.98
1130812,1130812,鎌倉,1395504.28,-353187.93
1130813,1130813,逗子,1395782.92,-352973.92
1130814,1130814,東逗子,1396017.68,-352987.81
1130815,1130815,田浦,1396377.26,-352927.1
1130816,1130816,横須賀,1396558.55,-352840.22
1130817,1130817,衣笠,1396611.93,-352570.91
1130818,1130818,久里浜,1397008.62,-352331.07
1131101,1130101,東京,1397661.03,-356813.91
1131102,1131102,四ツ谷,1397306.44,-356860.41
1131103,1130208,新宿,1397004.64,-356897.29
1131104,1131104,吉祥寺,1395797.65,-357031.19
1131105,1131105,三鷹,1395603.25,-357026.83
1131106,1131106,国分寺,1394808.41,-357001.23
1131107,1130325,立川,1394137.04,-356982.02
1131108,1131108,日野,1393939.3,-356792.44
1131109,1131109,豊田,1393814.95,-356595.02
1131110,1130620,八王子,1393389.98,-356555.55
1131111,1131111,西八王子,1393126.4,-356566.21
1131112,1131112,高尾,1392822.88,-356420.26
1131113,1131113,相模湖,1391885.0,-356173.35
1131114,1131114,藤野,1391523.9,-356159.18
1131115,1131115,上野原,1391157.87,-356187.47
1131116,1131116,四方津,1390725.72,-356142.52
1131117,1131117,梁川,1390380.76,-356052.71
1131118,1131118,鳥沢,1390033.45,-356081.18
1131119,1131119,猿橋,1389683.88,-356128.8
1131120,1131120,大月,1389427.29,-356132.22
1131121,1131121,初狩,1388839.66,-355942.74
1131122,1131122,笹子,1388252.05,-356039.21
1131123,1131123,甲斐大和,1387816.32,-356393.64
1131124,1131124,勝沼ぶどう郷,1387432.3,-356727.9
1131125,1131125,塩山,1387347.96,-357053.27
1131126,1131126,東山梨,1387030.26,-356943.13
1131127,1131127,山梨市,1386830.03,-356849.61
1131128,1131128,春日居町,1386590.0,-356734.91
1131129,1131129,石和温泉,1386345.77,-356576.03
1131130,1131130,酒折,1385988.52,-356594.86
1131131,1131131,甲府,1385690.15,-356670.54
1131132,1131132,竜王,1385192.98,-356687.64
1131133,1131133,塩崎,1384875.21,-356877.34
1131134,1131134,韮崎,1384513.57,-357097.11
1131135,1131135,新府,1384330.93,-357368.02
1131136,1131136,穴山,1384138.58,-357510.7
1131137,1131137,日野春,1383943.16,-357906.5
1131138,1131138,長坂,1383664.59,-358270.61
1131139,1131139,小淵沢,1383163.51,-358638.08
1131140,1131140,信濃境,1382754.19,-358849.52
1131141,1131141,富士見,1382380.71,-359121.83
1131142,1131142,すずらんの里,1382117.75,-359302.88
1131143,1131143,青柳,1381976.12,-359425.81
1131144,1131144,茅野,1381516.74,-359950.62
1131145,1131145,上諏訪,1381163.06,-360466.18
1131146,1131146,下諏訪,1380849.53,-360719.48
1131147,1131147,岡谷,1380450.01,-360566.93
1131148,1131148,みどり湖,1379819.28,-360941.76
1131149,1131149,川岸,1380219.37,-360329.6
1131150,1131150,辰野,1379972.38,-359845.65
1131151,1131151,信濃川島,1379718.5,-360136.42
1131152,1131152,小野,1379706.0,-360469.3
1131153,1131153,塩尻,1379479.61,-361143.64
1131201,1130101,東京,1397661.03,-356813.91
1131202,1130223,神田,1397706.41,-356911.73
1131203,1131203,御茶ノ水,1397649.55,-356996.05
1131207,1131102,四ツ谷,1397306.44,-356860.41
1131211,1130208,新宿,1397004.64,-356897.29
1131214,1131214,中野,1396658.35,-357057.65
1131215,1131215,高円寺,1396496.64,-357053.26
1131216,1131216,阿佐ケ谷,1396358.68,-357048.18
1131217,1131217,荻窪,1396201.09,-357045.23
1131218,1131218,西荻窪,1395993.61,-357038.42
1131219,1131104,吉祥寺,1395797.65,-357031.19
1131220,1131105,三鷹,1395603.25,-357026.83
1131221,1131221,武蔵境,1395434.02,-357020.83
1131222,1131222,東小金井,1395248.37,-357016.43
1131223,1131223,武蔵小金井,1395064.83,-357013.37
1131224,1131106,国分寺,1394808.41,-357001.23
1131225,1130503,西国分寺,1394659.94,-356997.44
1131226,1131226,国立,1394463.4,-356992.3
1131227,1130325,立川,1394137.04,-356982.02
1131228,1131108,日野,1393939.3,-356792.44
1131229,1131109,豊田,1393814.95,-356595.02
1131230,1130620,八王子,1393389.98,-356555.55
1131231,1131111,西八王子,1393126.4,-356566.21
1131232,1131112,高尾,1392822.88,-356420.26
1131501,1130325,立川,1394137.04,-356982.02
1131502,1131502,西立川,1393935.56,-357035.26
1131503,1131503,東中神,1393845.29,-357063.37
1131504,1131504,中神,1393758.16,-357090.58
1131505,1131505,昭島,1393615.64,-357133.05
1131506,1131506,拝島,1393434.68,-357212.78
1131507,1131507,牛浜,1393336.77,-357345.47
1131508,1131508,福生,1393277.63,-357424.56
1131509,1131509,羽村,1393161.88,-357580.73
1131510,1131510,小作,1393022.33,-357760.48
1131511,1131511,河辺,1392840.32,-357847.3
1131512,1131512,東青梅,1392728.41,-357897.68
1131513,1131513,青梅,1392580.96,-357905.12
1131514,1131514,宮ノ平,1392372.89,-357875.45
1131515,1131515,日向和田,1392295.15,-357886.65
1131516,1131516,石神前,1392250.96,-357968.3
1131517,1131517,二俣尾,1392161.61,-358039.46
1131518,1131518,軍畑,1392074.31,-358073.82
1131519,1131519,沢井,1391933.24,-358059.4
1131520,1131520,御嶽,1391825.89,-358014.68
1131521,1131521,川井,1391642.9,-358136.97
1131522,1131522,古里,1391521.02,-358162.47
1131523,1131523,鳩ノ巣,1391289.32,-358151.27
1131524,1131524,白丸,1391148.61,-358117.35
1131525,1131525,奥多摩,1390969.61,-358093.57
1131601,1131506,拝島,1393434.68,-357212.78
1131602,1131602,熊川,1393358.4,-357283.21
1131603,1131603,東秋留,1393116.65,-357259.04
1131604,1131604,秋川,1392867.15,-357279.98
1131605,1131605,武蔵引田,1392699.07,-357297.11
1131606,1131606,武蔵増戸,1392563.55,-357309.61
1131607,1131607,武蔵五日市,1392280.39,-357322.48
1134301,1130101,東京,1397661.03,-356813.91
1134302,1130220,上野,1397770.43,-357137.9
1130401,1130401,鶴見,1396761.4,-355083.87
1130402,1130402,国道,1396755.99,-355008.3
1130403,1130403,鶴見小野,1396812.26,-354970.05
1130404,1130404,弁天橋,1396894.51,-354957.58
1130405,1130405,浅野,1396957.39,-354975.55
1130406,1130406,新芝浦,1397001.0,-354919.14
1130407,1130407,海芝浦,1397006.03,-354860.73
1130408,1130408,安善,1397006.63,-354996.68
1130409,1130409,大川,1397110.38,-354956.46
1130410,1130410,武蔵白石,1397065.13,-355019.12
1130411,1130328,浜川崎,1397135.75,-355098.63
1130412,1130412,昭和,1397238.97,-355068.36
1130413,1130413,扇町,1397221.47,-355014.52
1130701,1130105,横浜,1396227.04,-354661.95
1130702,1130702,桜木町,1396308.81,-354511.12
1130703,1130703,関内,1396369.84,-354433.36
1130704,1130704,石川町,1396429.34,-354388.08
1130705,1130705,山手,1396464.25,-354268.91
1130706,1130706,根岸,1396360.34,-354158.87
1130707,1130707,磯子,1396179.16,-353998.81
1130708,1130708,新杉田,1396194.83,-353868.63
1130709,1130709,洋光台,1395968.52,-353787.85
1130710,1130710,港南台,1395762.43,-353751.83
1130711,1130711,本郷台,1395501.59,-353678.7
1130712,1130107,大船,1395311.27,-353534.66
1130901,1130110,茅ケ崎,1394071.97,-353307.41
1130902,1130902,北茅ケ崎,1394075.69,-353391.67
1130903,1130903,香川,1394000.44,-353565.5
1130904,1130904,寒川,1393874.52,-353675.79
1130905,1130905,宮山,1393796.39,-353822.61
1130906,1130906,倉見,1393784.22,-353950.98
1130907,1130907,門沢橋,1393801.39,-354067.61
1130908,1130908,社家,1393772.81,-354205.43
1130909,1130909,厚木,1393786.31,-354437.5
1130910,1130910,海老名,1393893.28,-354542.82
1130911,1130911,入谷,1393919.13,-354784.78
1130912,1130912,相武台下,1393862.97,-354927.34
1130913,1130913,下溝,1393804.28,-355185.16
1130914,1130914,原当麻,1393753.55,-355289.78
1130915,1130915,番田,1393629.88,-355453.92
1130916,1130916,上溝,1393631.5,-355576.23
1130917,1130917,南橋本,1393524.84,-355804.2
1130918,1130616,橋本,1393445.86,-355949.75
1140401,1140321,直江津,1382422.65,-371702.51
1140402,1140402,黒井,1382675.18,-371837.0
1140403,1140403,犀潟,1383051.54,-372103.45
1140404,1140404,土底浜,1383247.79,-372227.19
1140405,1140405,潟町,1383399.02,-372341.35
1140406,1140406,上下浜,1383615.69,-372521.78
1140407,1140407,柿崎,1383859.33,-372777.32
1140408,1140408,米山,1384312.66,-373168.04
1140409,1140409,笠島,1384672.21,-373357.94
1140410,1140410,青海川,1384861.69,-373461.43
1140411,1140411,鯨波,1385172.63,-373558.28
1140412,1140412,柏崎,1385563.03,-373634.95
1140413,1140413,茨目,1385867.14,-373569.86
1140414,1140414,安田,1386120.57,-373411.55
1140415,1140415,北条,1386369.54,-373382.62
1140416,1140416,越後広田,1386612.43,-373573.54
1140417,1140417,長鳥,1386840.63,-373664.05
1140418,1140418,塚山,1387298.29,-373551.14
1140419,1140419,越後岩塚,1387563.72,-373862.9
1140420,1140420,来迎寺,1387835.23,-373971.36
1140421,1140421,前川,1388238.65,-374017.95
1140422,1134235,宮内,1388402.04,-374222.23
1140423,1134236,長岡,1388539.27,-374477.87
1140424,1140424,北長岡,1388624.7,-374687.68
1140425,1140425,押切,1388809.88,-375046.7
1140426,1140426,見附,1389047.92,-375400.94
1140427,1140427,帯織,1389284.8,-375729.75
1140428,1140428,東光寺,1389429.56,-375930.98
1140429,1140429,三条,1389605.93,-376209.62
1140430,1140430,東三条,1389737.03,-376284.91
1140431,1140431,保内,1390146.08,-376393.22
1140432,1140432,加茂,1390489.59,-376588.06
1140433,1140433,羽生田,1390607.15,-376936.13
1140434,1140434,田上,1390745.99,-377190.35
1140435,1140435,矢代田,1390956.54,-377488.63
1140436,1140436,古津,1391142.52,-377727.0
1140437,1121401,新津,1391214.45,-378003.83
1140438,1140438,さつき野,1391174.66,-378127.31
1140439,1140439,荻川,1391114.77,-378333.07
1140440,1140440,亀田,1391080.65,-378771.54
1140441,1140441,越後石山,1390954.29,-378964.07
1140442,1140442,新潟,1390608.69,-379122.99
1140601,1140442,新潟,1390608.69,-379122.99
1140602,1140602,東新潟,1391086.85,-379087.73
1140603,1140603,大形,1391292.72,-379155.18
1140604,1140604,新崎,1391585.58,-379224.78
1140605,1140605,早通,1391781.73,-379210.9
1140606,1140606,豊栄,1392153.47,-379193.51
1140607,1140607,黒山,1392411.77,-379371.28
1140608,1140608,佐々木,1392700.99,-379497.16
1140609,1140609,西新発田,1393034.74,-379420.97
1140610,1121407,新発田,1393351.89,-379441.2
1140722,1140722,足滝,1386036.25,-369989.58
1140723,1140723,越後田中,1386270.58,-370053.16
1140724,1140724,津南,1386393.26,-370235.03
1140725,1140725,越後鹿渡,1386715.92,-370480.54
1140726,1140726,越後田沢,1386947.31,-370553.87
1140727,1140727,越後水沢,1387180.56,-370743.24
1140728,1140728,土市,1387295.1,-370974.57
1140729,1140729,十日町,1387561.88,-371345.62
1140730,1140730,魚沼中条,1387724.91,-371594.67
1140731,1140731,下条,1387799.89,-371983.24
1140732,1140732,越後岩沢,1387970.97,-372407.53
1140733,1140733,内ケ巻,1388518.33,-372500.08
1140734,1134232,越後川口,1388615.14,-372729.83
1140701,1140305,長野,1381891.01,-366433.07
1140702,1140306,北長野,1382225.34,-366651.23
1140703,1140307,三才,1382440.79,-366866.74
1140704,1140308,豊野,1382744.58,-367106.42
1140705,1140705,信濃浅野,1382947.84,-367220.11
1140706,1140706,立ケ花,1383070.57,-367312.57
1140707,1140707,上今井,1383194.78,-367539.47
1140708,1140708,替佐,1383233.85,-367689.99
1140709,1140709,蓮,1383490.26,-368088.8
1140710,1140710,飯山,1383593.35,-368476.42
1140711,1140711,北飯山,1383637.65,-368588.3
1140712,1140712,信濃平,1383784.79,-368849.18
1140713,1140713,戸狩野沢温泉,1383929.52,-369166.73
1140714,1140714,上境,1384191.51,-369379.16
1140715,1140715,上桑名川,1384412.04,-369625.59
1140716,1140716,桑名川,1384580.07,-369758.82
1140717,1140717,西大滝,1384808.72,-369791.69
1140718,1140718,信濃白鳥,1385030.2,-369835.91
1140719,1140719,平滝,1385337.23,-369860.41
1140720,1140720,横倉,1385503.1,-369798.75
1140721,1140721,森宮野原,1385773.3,-369894.47
1140801,1140412,柏崎,1385563.03,-373634.95
1140802,1140802,東柏崎,1385658.02,-373738.67
1140803,1140803,西中通,1385926.51,-373924.56
1140804,1140804,荒浜,1386017.52,-374046.99
1140805,1140805,刈羽,1386195.5,-374300.47
1140806,1140806,西山,1386417.7,-374483.75
1140807,1140807,礼拝,1386639.2,-374592.21
1140808,1140808,石地,1386881.01,-374841.32
1140809,1140809,小木ノ城,1387040.2,-375154.31
1140810,1140810,出雲崎,1387162.91,-375318.57
1140811,1140811,妙法寺,1387420.37,-375664.05
1140812,1140812,小島谷,1387712.25,-375745.5
1140813,1140813,桐原,1387922.79,-376015.53
1140814,1140814,寺泊,1388145.19,-376203.49
1140815,1140815,分水,1388390.38,-376290.32
1140816,1140816,粟生津,1388734.84,-376539.88
1140817,1140817,南吉田,1388709.84,-376719.99
1140818,1140818,吉田,1388783.77,-376871.11
1140819,1140819,北吉田,1388822.09,-377020.37
1140820,1140820,岩室,1388798.81,-377213.82
1140821,1140821,巻,1388895.06,-377567.53
1140822,1140822,越後曽根,1389110.94,-377935.44
1140823,1140823,越後赤塚,1389082.01,-378160.08
1140824,1140824,内野西が丘,1389266.47,-378463.55
1140825,1140825,内野,1389366.15,-378582.4
1140826,1140826,新潟大学前,1389544.2,-378691.78
1140827,1140827,寺尾,1389737.42,-378791.06
1140828,1140828,小針,1389913.59,-378895.91
1140829,1140829,青山,1390008.13,-378985.46
1140830,1140830,関屋,1390150.87,-379060.15
1140831,1140831,白山,1390299.55,-379118.29
1140832,1140442,新潟,1390608.69,-379122.99
1140937,1140937,平岩,1378656.1,-368868.8
1140938,1140938,小滝,1378594.5,-369381.55
1140939,1140939,根知,1378671.1,-369666.83
1140940,1140940,頸城大野,1378724.47,-370061.24
1140941,1140941,姫川,1378609.14,-370203.39
1140942,1140516,糸魚川,1378613.11,-370436.31
1140901,1140901,松本,1379644.5,-362303.93
1140902,1140902,北松本,1379609.83,-362369.71
1140903,1140903,島内,1379448.17,-362469.91
1140904,1140904,島高松,1379315.76,-362463.22
1140905,1140905,梓橋,1379180.27,-362501.62
1140906,1140906,一日市場,1379041.36,-362596.0
1140907,1140907,中萱,1379033.53,-362734.34
1140908,1140908,南豊科,1379034.57,-362911.24
1140909,1140909,豊科,1379008.96,-362999.57
1140910,1140910,柏矢町,1378883.49,-363225.29
1140911,1140911,穂高,1378818.69,-363390.6
1140912,1140912,有明,1378782.36,-363599.49
1140913,1140913,安曇追分,1378727.36,-363717.95
1140914,1140914,細野,1378657.22,-363971.07
1140915,1140915,北細野,1378627.25,-364064.39
1140916,1140916,信濃松川,1378586.31,-364244.56
1140917,1140917,安曇沓掛,1378547.84,-364477.95
1140918,1140918,信濃常盤,1378471.48,-364674.03
1140919,1140919,南大町,1378562.69,-364915.36
1140920,1140920,信濃大町,1378616.74,-365003.1
1140921,1140921,北大町,1378579.13,-365175.58
1140922,1140922,信濃木崎,1378461.89,-365356.43
1140923,1140923,稲尾,1378425.75,-365540.58
1140924,1140924,海ノ口,1378418.24,-365656.52
1140925,1140925,簗場,1378447.24,-365946.66
1140926,1140926,ヤナバスキー場前,1378550.39,-366058.51
1140927,1140927,南神城,1378415.51,-366371.05
1140928,1140928,神城,1378465.86,-366582.87
1140929,1140929,飯森,1378500.6,-366705.63
1140930,1140930,白馬,1378638.19,-366959.22
1140931,1140931,信濃森上,1378719.91,-367111.32
1140932,1140932,白馬大池,1378855.31,-367399.18
1140933,1140933,千国,1379008.95,-367632.49
1140934,1140934,南小谷,1379083.72,-367746.04
1140935,1140935,中土,1379078.79,-368055.8
1140936,1140936,北小谷,1379064.51,-368425.67
1141001,1141001,弥彦,1388317.61,-376991.61
1141002,1141002,矢作,1388516.69,-376906.49
1141003,1140818,吉田,1388783.77,-376871.11
1141004,1141004,西燕,1389092.32,-376798.19
1141005,1141005,燕,1389284.19,-376676.13
1141006,1141006,燕三条,1389392.74,-376488.24
1141007,1141007,北三条,1389560.06,-376327.02
1141008,1140430,東三条,1389737.03,-376284.91
1140321,1140321,直江津,1382422.65,-371702.51
1140320,1140320,春日山,1382349.22,-371480.42
1140319,1140319,高田,1382420.18,-371152.26
1140318,1140318,南高田,1382429.73,-370967.66
1140317,1140317,上越妙高,1382494.76,-370818.13
1140316,1140316,北新井,1382576.99,-370529.6
1140315,1140315,新井,1382556.14,-370267.38
1140314,1140314,二本木,1382327.65,-369896.08
1140313,1140313,関山,1382264.15,-369330.48
1140312,1140312,妙高高原,1382119.53,-368721.75
1140306,1140306,北長野,1382225.34,-366651.23
1140307,1140307,三才,1382440.79,-366866.74
1140308,1140308,豊野,1382744.58,-367106.42
1140309,1140309,牟礼,1382471.21,-367532.39
1140310,1140310,古間,1382304.61,-367922.95
1140311,1140311,黒姫,1381971.95,-368072.14
1140101,1131139,小淵沢,1383163.51,-358638.08
1140102,1140102,甲斐小泉,1383594.02,-358795.33
1140103,1140103,甲斐大泉,1384095.64,-358962.4
1140104,1140104,清里,1384365.89,-359190.93
1140105,1140105,野辺山,1384744.48,-359552.89
1140106,1140106,信濃川上,1385273.45,-359759.39
1140107,1140107,佐久広瀬,1385193.49,-360037.24
1140108,1140108,佐久海ノ口,1384908.07,-360211.28
1140109,1140109,海尻,1384735.36,-360412.76
1140110,1140110,松原湖,1384705.09,-360609.95
1140111,1140111,小海,1384828.06,-360886.2
1140112,1140112,馬流,1384859.63,-361018.24
1140113,1140113,高岩,1384774.38,-361157.11
1140114,1140114,八千穂,1384773.45,-361332.81
1140115,1140115,海瀬,1384858.94,-361557.43
1140116,1140116,羽黒下,1384896.18,-361664.11
1140117,1140117,青沼,1384891.62,-361812.59
1140118,1140118,臼田,1384883.09,-361940.13
1140119,1140119,龍岡城,1384907.08,-362041.84
1140120,1140120,太田部,1384878.0,-362203.07
1140121,1140121,中込,1384793.89,-362306.2
1140122,1140122,滑津,1384750.03,-362387.16
1140123,1140123,北中込,1384766.61,-362549.23
1140124,1140124,岩村田,1384724.0,-362744.6
1140125,1140125,佐久平,1384643.67,-362779.29
1140126,1140126,中佐都,1384535.49,-362808.56
1140127,1140127,美里,1384501.77,-362922.43
1140128,1140128,三岡,1384484.6,-363041.5
1140129,1140129,乙女,1384405.27,-363113.71
1140130,1140130,東小諸,1384321.44,-363170.57
1140131,1140131,小諸,1384220.21,-363263.37
1140301,1140301,篠ノ井,1381380.46,-365771.0
1140302,1140302,今井,1381453.47,-365957.32
1140303,1140303,川中島,1381506.79,-366141.67
1140304,1140304,安茂里,1381617.91,-366302.62
1140305,1140305,長野,1381891.01,-366433.07
1141201,1131153,塩尻,1379479.61,-361143.64
1141202,1141202,広丘,1379495.78,-361480.32
1141203,1141203,村井,1379560.07,-361742.26
1141215,1141215,平田,1379620.17,-361911.61
1141204,1141204,南松本,1379695.05,-362104.47
1141205,1140901,松本,1379644.5,-362303.93
1141206,1141206,田沢,1379410.29,-363015.83
1141207,1141207,明科,1379299.67,-363539.48
1141208,1141208,西条,1380123.77,-364003.53
1141209,1141209,坂北,1380157.54,-364306.63
1141210,1141210,聖高原,1380476.03,-364550.69
1141211,1141211,冠着,1380792.23,-364572.15
1141212,1141212,姨捨,1380933.88,-365026.49
1141213,1141213,稲荷山,1381080.61,-365526.33
1141214,1140301,篠ノ井,1381380.46,-365771.0
1150401,1130121,熱海,1390776.79,-351035.73
1150402,1150402,来宮,1390655.75,-350987.23
1150403,1150403,伊豆多賀,1390668.47,-350594.11
1150404,1150404,網代,1390812.45,-350435.45
1150405,1150405,宇佐美,1390797.78,-350056.02
1150406,1150406,伊東,1390921.25,-349747.0
