1111801,1111801,中小国,1405967.98,-410517.02
1111802,1111802,津軽今別,1405156.25,-411448.85
1120101,1120601,八戸,1414314.99,-405092.0
1120252,1120252,津軽湯の沢,1406320.55,-404418.79
1120253,1120253,碇ケ関,1406224.43,-404789.88
1120254,1120254,長峰,1406030.69,-405160.72
1120255,1120255,大鰐温泉,1405669.14,-405215.4
1120256,1120256,石川,1405309.51,-405560.21
1120257,1120257,弘前,1404850.16,-405997.23
1120258,1120258,撫牛子,1404976.16,-406212.98
1120259,1120259,川部,1405213.76,-406468.62
1120260,1120260,北常盤,1405435.9,-406705.3
1120261,1120261,浪岡,1405806.64,-407102.1
1120262,1120262,大釈迦,1405877.76,-407567.36
1120263,1120263,鶴ケ坂,1406348.78,-407912.28
1120264,1120264,津軽新城,1406720.25,-408280.22
1120265,1120265,新青森,1406934.49,-408274.9
1120266,1120120,青森,1407347.38,-408286.68
1120208,1120208,院内,1404138.0,-390497.06
1120209,1120209,横堀,1404513.1,-390645.33
1120210,1120210,三関,1404837.96,-391101.96
1120211,1120211,上湯沢,1404852.62,-391342.21
1120212,1120212,湯沢,1404870.11,-391634.43
1120213,1120213,下湯沢,1405024.9,-391971.96
1120214,1120214,十文字,1405262.87,-392211.86
1120215,1120215,醍醐,1405385.3,-392487.16
1120216,1120216,柳田,1405538.56,-392763.85
1120217,1120217,横手,1405604.0,-393101.46
1120218,1120218,後三年,1405383.97,-393648.91
1120219,1120219,飯詰,1405153.78,-394060.13
1120220,1120220,大曲,1404796.28,-394657.12
1120221,1120221,神宮寺,1404265.18,-394948.41
1120222,1120222,刈和野,1403724.02,-395476.46
1120223,1120223,峰吉川,1403231.4,-395665.86
1120224,1120224,羽後境,1403207.22,-396186.79
1120225,1120225,大張野,1402740.71,-396633.47
1120226,1120226,和田,1402187.54,-396508.7
1120227,1120227,四ツ小屋,1401449.46,-396613.41
1120228,1120228,秋田,1401299.31,-397167.48
1120229,1120229,土崎,1400736.01,-397584.53
1120230,1120230,上飯島,1400684.7,-397793.36
1120231,1120231,追分,1400578.1,-398099.25
1120232,1120232,大久保,1400630.79,-398708.9
1120233,1120233,羽後飯塚,1400733.0,-398989.81
1120234,1120234,井川さくら,1400760.22,-399119.25
1120235,1120235,八郎潟,1400783.82,-399473.66
1120236,1120236,鯉川,1400774.74,-399963.61
1120237,1120237,鹿渡,1400826.21,-400446.19
1120238,1120238,森岳,1400708.86,-401031.64
1120239,1120239,北金岡,1400635.65,-401418.95
1120240,1120240,東能代,1400657.46,-401915.79
1120241,1120241,鶴形,1401185.07,-402038.79
1120242,1120242,富根,1401726.43,-402179.56
1120243,1120243,二ツ井,1402357.29,-402125.06
1120244,1120244,前山,1403123.78,-402147.85
1120245,1120245,鷹ノ巣,1403698.16,-402320.59
1120246,1120246,糠沢,1403978.27,-402510.94
1120247,1120247,早口,1404475.72,-402713.15
1120248,1120248,下川沿,1404966.25,-402764.08
1120249,1120249,大館,1405559.46,-402881.22
1120250,1120250,白沢,1405916.57,-403381.03
1120251,1120251,陣場,1406075.23,-403988.64
1120201,1120201,新庄,1403060.64,-387625.6
1120202,1120202,泉田,1403100.39,-388117.58
1120203,1120203,羽前豊里,1402422.47,-388367.48
1120204,1120204,真室川,1402548.14,-388582.43
1120205,1120205,釜淵,1402638.64,-389328.1
1120206,1120206,大滝,1403201.99,-389714.85
1120207,1120207,及位,1403611.64,-389929.83
1120301,1120110,野辺地,1411196.03,-408551.42
1120302,1120302,北野辺地,1411341.15,-408710.77
1120303,1120303,有戸,1411892.64,-409139.49
1120304,1120304,吹越,1412465.52,-410220.38
1120305,1120305,陸奥横浜,1412497.57,-410865.44
1120306,1120306,有畑,1412764.21,-411318.18
1120307,1120307,近川,1412790.21,-411916.87
1120308,1120308,金谷沢,1412484.32,-412288.54
1120309,1120309,赤川,1412093.39,-412678.29
1120310,1120310,下北,1411898.9,-412828.8
1120311,1120311,大湊,1411617.72,-412803.44
1120412,1120412,大間越,1399500.62,-404924.07
1120413,1120413,白神岳登山口,1399503.18,-405135.51
1120414,1120414,松神,1399465.56,-405349.02
1120415,1120415,十二湖,1399419.86,-405515.39
1120416,1120416,陸奥岩崎,1399241.83,-405833.33
1120417,1120417,陸奥沢辺,1398949.91,-405861.75
1120418,1120418,ウェスパ椿山,1398711.57,-405929.13
1120419,1120419,艫作,1398648.56,-406085.34
1120420,1120420,横磯,1398909.1,-406298.91
1120421,1120421,深浦,1399293.72,-406502.39
1120422,1120422,広戸,1399555.86,-406743.4
1120423,1120423,追良瀬,1399702.98,-406861.14
1120424,1120424,驫木,1399829.54,-407072.18
1120425,1120425,風合瀬,1399943.2,-407318.26
1120426,1120426,大戸瀬,1400335.96,-407593.25
1120427,1120427,千畳敷,1400548.32,-407677.69
1120428,1120428,北金ケ沢,1400950.52,-407459.95
1120429,1120429,陸奥柳田,1401232.43,-407406.16
1120430,1120430,陸奥赤石,1401620.57,-407615.6
1120431,1120431,鰺ケ沢,1402205.89,-407752.55
1120432,1120432,鳴沢,1402676.17,-407821.89
1120433,1120433,越水,1402986.28,-407872.58
1120434,1120434,陸奥森田,1403390.33,-407817.38
1120435,1120435,中田,1403645.05,-407874.24
1120436,1120436,木造,1403877.75,-408024.82
1120437,1120437,五所川原,1404477.6,-408091.24
1120438,1120438,陸奥鶴田,1404352.76,-407575.44
1120439,1120439,鶴泊,1404376.16,-407360.26
1120440,1120440,板柳,1404617.85,-406972.6
1120441,1120441,林崎,1404804.01,-406753.55
1120442,1120442,藤崎,1404995.31,-406540.47
1120443,1120259,川部,1405213.76,-406468.62
1120401,1120240,東能代,1400657.46,-401915.79
1120402,1120402,能代,1400330.84,-402065.77
1120403,1120403,向能代,1400391.11,-402256.69
1120404,1120404,北能代,1400338.35,-402541.38
1120405,1120405,鳥形,1400369.31,-402714.33
1120406,1120406,沢目,1400378.24,-402959.29
1120407,1120407,東八森,1400324.62,-403320.86
1120408,1120408,八森,1400178.82,-403713.5
1120409,1120409,滝ノ間,1400022.1,-403799.67
1120410,1120410,あきた白神,1399877.93,-403865.83
1120411,1120411,岩館,1399662.58,-404062.41
1120501,1120120,青森,1407347.38,-408286.68
1120502,1120502,油川,1406904.76,-408570.35
1120503,1120503,津軽宮田,1406745.79,-408871.84
1120504,1120504,奥内,1406723.82,-409030.44
1120505,1120505,左堰,1406659.29,-409172.14
1120506,1120506,後潟,1406627.34,-409315.19
1120507,1120507,中沢,1406562.44,-409490.44
1120508,1120508,蓬田,1406545.33,-409690.42
1120509,1120509,郷沢,1406523.99,-409876.82
1120510,1120510,瀬辺地,1406481.79,-410078.69
1120511,1120511,蟹田,1406425.65,-410382.74
1120512,1111801,中小国,1405967.98,-410517.02
1120513,1120513,大平,1405593.75,-410658.66
1120514,1111802,津軽二股,1405142.31,-411459.37
1120515,1120515,大川平,1405075.92,-411632.04
1120516,1120516,今別,1404904.48,-411797.41
1120517,1120517,津軽浜名,1404718.5,-411805.21
1120518,1120518,三厩,1404444.82,-411854.04
1120601,1120601,八戸,1414314.99,-405092.0
1120602,1120602,長苗代,1414659.07,-405214.6
1120603,1120603,本八戸,1414887.62,-405162.86
1120604,1120604,小中野,1415100.32,-405187.67
1120605,1120605,陸奥湊,1415276.52,-405233.5
1120606,1120606,白銀,1415416.48,-405220.31
1120607,1120607,鮫,1415548.91,-405302.44
1120609,1120609,陸奥白浜,1415922.99,-405166.36
1120610,1120610,種差海岸,1416073.67,-405069.51
1120611,1120611,大久喜,1416229.58,-404951.35
1120612,1120612,金浜,1416373.66,-404759.94
1120613,1120613,大蛇,1416507.73,-404672.51
1120614,1120614,階上,1416649.58,-404568.34
1120615,1120615,角の浜,1416817.73,-404444.78
1120616,1120616,平内,1416992.72,-404255.2
1120617,1120617,種市,1417152.32,-404103.84
1120618,1120618,玉川,1417351.17,-403804.24
1120619,1120619,宿戸,1417466.83,-403661.29
1120620,1120620,陸中八木,1417665.17,-403454.85
1120621,1120621,有家,1417730.31,-403240.07
1120622,1120622,陸中中野,1417877.68,-403051.65
1120623,1120623,侍浜,1417605.75,-402613.75
1120624,1120624,陸中夏井,1417919.06,-402077.47
1120625,1120625,久慈,1417708.91,-401903.91
1120110,1120110,野辺地,1411196.03,-408551.42
1120120,1120120,青森,1407347.38,-408286.68
1120701,1120701,茂市,1417992.88,-396206.19
1120801,1123166,一ノ関,1411381.77,-389265.14
1120802,1120802,真滝,1411779.3,-389082.39
1120803,1120803,陸中門崎,1412512.26,-389169.08
1120804,1120804,岩ノ下,1412453.42,-389476.99
1120805,1120805,陸中松川,1412380.46,-389772.37
1120806,1120806,猊鼻渓,1412532.7,-389889.39
1120807,1120807,柴宿,1412723.12,-389967.19
1120808,1120808,摺沢,1413214.6,-389959.3
1120809,1120809,千厩,1413456.3,-389248.73
1120810,1120810,小梨,1413841.8,-389324.93
1120811,1120811,矢越,1414290.29,-389352.24
1120812,1120812,折壁,1414523.46,-389394.28
1120813,1120813,新月,1414887.96,-389155.98
1120817,1120817,陸前矢作,1415793.57,-390225.54
1120818,1120818,竹駒,1416097.29,-390336.51
1120819,1120819,陸前高田,1416253.32,-390130.21
1120820,1120820,脇ノ沢,1416573.59,-390065.84
1120821,1120821,小友,1416995.73,-389892.42
1120822,1120822,細浦,1417136.42,-390159.73
1120823,1120823,下船渡,1417212.22,-390383.62
1120824,1120824,大船渡,1417208.07,-390635.29
1120825,1120825,盛,1417107.34,-390863.72
1120814,1120814,気仙沼,1415588.93,-389100.31
1120815,1120815,鹿折唐桑,1415794.57,-389155.55
1120816,1120816,上鹿折,1415682.32,-389606.61
1120901,1123176,花巻,1411104.58,-393931.82
1120902,1120902,似内,1411408.89,-394068.19
1120903,1120903,新花巻,1411730.2,-394058.39
1120904,1120904,小山田,1411939.99,-394086.0
1120905,1120905,土沢,1412324.88,-393833.81
1120906,1120906,晴山,1412578.92,-393666.17
1120907,1120907,岩根橋,1413187.95,-393552.64
1120908,1120908,宮守,1413502.71,-393510.66
1120909,1120909,柏木平,1413798.62,-393060.6
1120910,1120910,鱒沢,1413992.52,-393001.58
1120911,1120911,荒谷前,1414285.07,-393099.28
1120912,1120912,岩手二日町,1414560.6,-393234.41
1120913,1120913,綾織,1414768.45,-393284.22
1120914,1120914,遠野,1415307.2,-393325.29
1120915,1120915,青笹,1415689.57,-393114.82
1120916,1120916,岩手上郷,1415858.34,-392846.58
1120917,1120917,平倉,1415956.61,-392646.82
1120918,1120918,足ケ瀬,1416458.07,-392547.66
1120919,1120919,上有住,1416815.22,-392420.13
1120920,1120920,陸中大橋,1417184.36,-392804.51
1120921,1120921,洞泉,1417603.88,-392506.71
1120922,1120922,松倉,1418014.84,-392564.58
1120923,1120923,小佐野,1418365.15,-392644.64
1120924,1120924,釜石,1418726.7,-392733.21
1121001,1123174,北上,1411212.21,-392811.96
1121002,1121002,柳原,1411116.71,-392945.97
1121003,1121003,江釣子,1410757.49,-392983.49
1121004,1121004,藤根,1410395.71,-393010.64
1121005,1121005,立川目,1409971.44,-393078.76
1121006,1121006,横川目,1409721.43,-393092.55
1121007,1121007,岩沢,1409316.16,-393010.16
1121008,1121008,和賀仙人,1409094.85,-393085.23
1121009,1121009,ゆだ錦秋湖,1408353.43,-392955.13
1121010,1121010,ほっとゆだ,1407756.47,-393144.93
1121011,1121011,ゆだ高原,1407372.05,-393010.74
1121012,1121012,黒沢,1406996.19,-392762.43
1121013,1121013,小松川,1406460.94,-392934.03
1121014,1121014,平石,1406284.57,-392916.78
1121015,1121015,相野々,1406190.67,-392780.5
1121016,1121016,矢美津,1405920.99,-392912.83
1121017,1120217,横手,1405604.0,-393101.46
1121101,1123185,盛岡,1411365.99,-397015.47
1121102,1121102,大釜,1410722.02,-397115.86
1121103,1121103,小岩井,1410246.5,-397097.31
1121104,1121104,雫石,1409747.62,-396892.44
1121105,1121105,春木場,1409439.54,-396933.96
1121106,1121106,赤渕,1409072.22,-396851.12
1121107,1121107,田沢湖,1407221.39,-397003.63
1121108,1121108,刺巻,1406919.6,-396685.63
1121109,1121109,神代,1406273.58,-396226.67
1121110,1121110,生田,1406012.03,-396120.65
1121111,1121111,角館,1405709.88,-395917.16
1121112,1121112,鶯野,1405579.01,-395685.36
1121113,1121113,羽後長野,1405404.48,-395460.03
1121114,1121114,鑓見内,1405277.44,-395193.23
1121115,1121115,羽後四ツ屋,1405118.86,-395015.11
1121116,1121116,北大曲,1404979.66,-394894.4
1121117,1120220,大曲,1404796.28,-394657.12
1121201,1121201,好摩,1411736.85,-398740.37
1121202,1121202,東大更,1411425.37,-399026.21
1121203,1121203,大更,1411008.08,-399137.46
1121204,1121204,平館,1410853.1,-399508.86
1121205,1121205,北森,1410664.81,-399592.01
1121206,1121206,松尾八幡平,1410439.03,-399692.41
1121207,1121207,安比高原,1409972.39,-400125.87
1121208,1121208,赤坂田,1410039.4,-400484.64
1121209,1121209,小屋の畑,1410206.73,-400765.39
1121210,1121210,荒屋新町,1410491.96,-400976.82
1121211,1121211,横間,1410271.51,-401074.75
1121212,1121212,田山,1409441.26,-401396.74
1121213,1121213,兄畑,1408830.2,-401158.69
1121214,1121214,湯瀬温泉,1408402.92,-401223.84
1121215,1121215,八幡平,1408044.96,-401428.81
1121216,1121216,陸中大里,1407934.77,-401585.74
1121217,1121217,鹿角花輪,1407850.88,-401884.53
1121218,1121218,柴平,1407879.41,-402307.51
1121219,1121219,十和田南,1407707.16,-402560.69
1121220,1121220,末広,1407372.51,-402297.88
1121221,1121221,土深井,1407131.42,-402224.52
1121222,1121222,沢尻,1406932.88,-402303.42
1121223,1121223,十二所,1406682.11,-402142.9
1121224,1121224,大滝温泉,1406396.25,-402097.51
1121225,1121225,扇田,1405724.72,-402292.35
1121226,1121226,東大館,1405547.45,-402660.05
1121227,1120249,大館,1405559.46,-402881.22
1121301,1123185,盛岡,1411365.99,-397015.47
1121302,1121302,上盛岡,1411479.37,-397114.6
1121303,1121303,山岸,1411714.01,-397159.6
1121304,1121304,上米内,1412038.25,-397438.55
1121307,1121307,区界,1413513.52,-396517.7
1121308,1121308,松草,1414374.21,-396359.18
1121309,1121309,平津戸,1415112.22,-396234.08
1121310,1121310,川内,1415975.48,-396407.44
1121311,1121311,箱石,1416258.29,-396171.15
1121312,1121312,陸中川井,1416815.3,-395973.97
1121313,1121313,腹帯,1417674.34,-396045.39
1121314,1120701,茂市,1417992.88,-396206.19
1121315,1121315,蟇目,1418388.76,-396293.41
1121316,1121316,花原市,1418613.08,-396302.33
1121317,1121317,千徳,1419124.0,-396322.51
1121318,1121318,宮古,1419464.54,-396402.87
1121319,1121319,磯鶏,1419609.84,-396298.83
1121320,1121320,津軽石,1419375.94,-395815.07
1121321,1121321,豊間根,1419247.39,-395342.74
1121322,1121322,陸中山田,1419515.33,-394634.49
1121323,1121323,織笠,1419594.97,-394471.87
1121324,1121324,岩手船越,1419740.33,-394313.69
1121325,1121325,浪板海岸,1419351.04,-393835.37
1121326,1121326,吉里吉里,1419386.48,-393695.7
1121327,1121327,大槌,1419028.94,-393567.34
1121328,1121328,鵜住居,1418879.76,-393269.4
1121329,1121329,両石,1418891.12,-393080.62
1121330,1120924,釜石,1418726.7,-392733.21
1123162,1123162,油島,1411757.06,-387971.13
1123163,1123163,花泉,1411800.13,-388333.1
1123164,1123164,清水原,1411565.76,-388549.15
1123166,1123166,一ノ関,1411381.77,-389265.14
1123167,1123167,山ノ目,1411319.21,-389512.53
1123168,1123168,平泉,1411177.86,-389879.35
1123169,1123169,前沢,1411262.4,-390486.86
1123170,1123170,陸中折居,1411408.64,-390941.85
1123171,1123171,水沢,1411463.95,-391389.98
1123172,1123172,金ケ崎,1411128.94,-391996.15
1123173,1123173,六原,1410976.05,-392278.94
1123174,1123174,北上,1411212.21,-392811.96
1123175,1123175,村崎野,1411204.42,-393230.27
1123176,1123176,花巻,1411104.58,-393931.82
1123177,1123177,花巻空港,1411276.25,-394426.39
1123178,1123178,石鳥谷,1411468.61,-394909.19
1123179,1123179,日詰,1411606.37,-395387.34
1123180,1123180,紫波中央,1411599.5,-395549.0
1123181,1123181,古館,1411545.75,-395808.44
1123182,1123182,矢幅,1411482.99,-396132.93
1123183,1123183,岩手飯岡,1411468.61,-396537.3
1123184,1123184,仙北町,1411488.14,-396879.19
1123185,1123185,盛岡,1411365.99,-397015.47
1123130,1123130,越河,1406045.72,-379336.16
1123131,1123131,白石,1406261.64,-380035.81
1123132,1123132,東白石,1406511.09,-380349.35
1123133,1123133,北白川,1406926.13,-380326.07
1123134,1123134,大河原,1407401.42,-380474.91
1123135,1123135,船岡,1407673.66,-380592.98
1123136,1123136,槻木,1408099.92,-380786.4
1123137,1123137,岩沼,1408637.83,-381120.5
1123138,1123138,館腰,1408802.08,-381429.87
1123139,1123139,名取,1408827.53,-381730.17
1123140,1123140,南仙台,1408832.96,-381973.84
1123141,1123141,太子堂,1408834.36,-382171.1
1123142,1123142,長町,1408859.86,-382267.97
1123143,1123143,仙台,1408821.58,-382600.27
1123144,1123144,東仙台,1409202.04,-382765.12
1123145,1123145,岩切,1409546.17,-383007.73
1123146,1123146,新利府,1409726.09,-383170.59
1123147,1123147,利府,1409846.52,-383294.83
1123148,1123148,陸前山王,1409791.7,-382995.86
1123149,1123149,国府多賀城,1409941.1,-383009.33
1123150,1123150,塩釜,1410095.64,-383095.84
1123151,1123151,松島,1410659.82,-383798.92
1123152,1123152,愛宕,1410650.0,-383973.71
1123153,1123153,品井沼,1410824.08,-384315.39
1123154,1123154,鹿島台,1410979.65,-384747.08
1123155,1123155,松山町,1410751.87,-385123.32
1123156,1123156,小牛田,1410643.55,-385411.11
1123157,1123157,田尻,1410589.12,-385962.46
1123158,1123158,瀬峰,1410738.3,-386551.53
1123159,1123159,梅ケ沢,1410852.78,-386816.78
1123160,1123160,新田,1411194.28,-387114.75
1123161,1123161,石越,1411590.6,-387687.78
1123165,1123165,有壁,1411209.94,-388673.71
1123105,1123105,白坂,1401843.88,-370945.7
1123106,1123106,新白河,1401889.69,-371233.1
1123107,1123107,白河,1402137.42,-371296.92
1123108,1123108,久田野,1402594.58,-371370.48
1123109,1123109,泉崎,1402990.26,-371583.5
1123110,1123110,矢吹,1403279.83,-372052.86
1123111,1123111,鏡石,1403468.12,-372507.33
1123112,1123112,須賀川,1403720.14,-373003.35
1123113,1123113,安積永盛,1403689.43,-373569.67
1123114,1123114,郡山,1403893.63,-373981.87
1123115,1123115,日和田,1403883.33,-374464.05
1123116,1123116,五百川,1403878.5,-374828.87
1123117,1123117,本宮,1403995.34,-375141.77
1123118,1123118,杉田,1404136.63,-375633.07
1123119,1123119,二本松,1404353.89,-375895.98
1123120,1123120,安達,1404660.42,-376117.24
1123121,1123121,松川,1404844.2,-376538.25
1123122,1123122,金谷川,1404522.44,-376805.26
1123123,1123123,南福島,1404560.74,-377236.65
1123124,1123124,福島,1404596.8,-377541.23
1123125,1123125,東福島,1404780.58,-378004.47
1123126,1123126,伊達,1404932.55,-378239.17
1123127,1123127,桑折,1405175.08,-378552.58
1123128,1123128,藤田,1405397.22,-378790.62
1123129,1123129,貝田,1405810.6,-379082.26
1121701,1123143,仙台,1408821.58,-382600.27
1121702,1121702,東照宮,1408868.2,-382772.62
1121703,1121703,北仙台,1408698.85,-382815.94
1121704,1121704,北山,1408518.76,-382851.54
1121722,1121722,東北福祉大前,1408426.83,-382804.68
1121705,1121705,国見,1408335.0,-382747.83
1121706,1121706,葛岡,1408185.83,-382688.16
1121707,1121707,陸前落合,1407898.96,-382733.79
1121708,1121708,愛子,1407615.17,-382726.61
1121709,1121709,陸前白沢,1407023.33,-382781.17
1121710,1121710,熊ケ根,1406806.33,-382979.47
1121712,1121712,作並,1406324.67,-383177.38
1121714,1121714,奥新川,1405943.29,-383259.53
1121715,1121715,面白山高原,1404971.2,-383330.71
1121716,1121716,山寺,1404347.73,-383095.61
1121717,1121717,高瀬,1403960.74,-383016.77
1121718,1121718,楯山,1403705.98,-383016.32
1121719,1121620,羽前千歳,1403421.68,-382873.13
1121720,1121619,北山形,1403326.58,-382659.02
1121721,1121618,山形,1403272.53,-382480.98
1122101,1123156,小牛田,1410643.55,-385411.11
1122102,1122102,北浦,1410230.5,-385598.5
1122103,1122103,陸前谷地,1409994.53,-385651.52
1122104,1122104,古川,1409678.76,-385711.92
1122105,1122105,塚目,1409370.93,-385724.74
1122106,1122106,西古川,1408954.16,-385782.14
1122107,1122107,東大崎,1408970.15,-386056.27
1122108,1122108,西大崎,1408896.38,-386299.86
1122109,1122109,岩出山,1408714.92,-386525.08
1122110,1122110,有備館,1408644.2,-386581.35
1122111,1122111,上野目,1408593.42,-386805.63
1122112,1122112,池月,1408357.32,-387089.48
1122113,1122113,川渡温泉,1407793.17,-387368.34
1122114,1122114,鳴子御殿湯,1407371.48,-387446.12
1122115,1122115,鳴子温泉,1407159.39,-387431.93
1122116,1122116,中山平温泉,1406681.03,-387265.68
1122117,1122117,堺田,1406129.02,-387354.9
1122118,1122118,赤倉温泉,1405536.47,-387305.35
1122119,1122119,立小路,1405426.78,-387420.45
1122120,1122120,最上,1405177.12,-387559.59
1122121,1122121,大堀,1404753.77,-387659.2
1122122,1122122,鵜杉,1404536.98,-387649.62
1122123,1122123,瀬見温泉,1404195.57,-387551.92
1122124,1122124,東長沢,1403821.95,-387188.98
1122125,1122125,長沢,1403659.69,-387097.82
1122126,1122126,南新庄,1403162.12,-387216.29
1122127,1120201,新庄,1403060.64,-387625.6
1122201,1122201,あおば通,1408785.14,-382607.49
1122202,1123143,仙台,1408821.58,-382600.27
1122203,1122203,榴ケ岡,1408937.82,-382587.92
1122204,1122204,宮城野原,1409051.55,-382611.5
1122205,1122205,陸前原ノ町,1409106.38,-382660.17
1122206,1122206,苦竹,1409188.67,-382687.22
1122207,1122207,小鶴新田,1409354.46,-382734.55
1122208,1122208,福田町,1409582.52,-382749.67
1122209,1122209,陸前高砂,1409676.07,-382734.4
1122210,1122210,中野栄,1409852.36,-382807.96
1122211,1122211,多賀城,1410053.75,-382916.56
1122212,1122212,下馬,1410149.65,-383058.33
1122213,1122213,西塩釜,1410184.19,-383119.4
1122214,1122214,本塩釜,1410224.77,-383177.15
1122215,1122215,東塩釜,1410316.65,-383255.72
1122216,1122216,陸前浜田,1410418.18,-383507.47
1122217,1122217,松島海岸,1410585.23,-383685.29
1122218,1122218,高城町,1410734.4,-383827.31
1122219,1122219,手樽,1410928.46,-383871.5
1122220,1122220,陸前富山,1411072.08,-383863.07
1122221,1122221,陸前大塚,1411294.7,-383790.78
1122222,1122222,東名,1411454.79977,-383752.995625
1122223,1122223,野蒜,1411570.34934,-383790.003038
1122224,1122224,陸前小野,1411743.45,-383960.18
1122225,1122225,鹿妻,1411900.73,-384033.15
1122226,1122226,矢本,1412091.48,-384204.32
1122227,1122227,東矢本,1412221.6,-384279.93
1122228,1122228,陸前赤井,1412388.83,-384324.42
1122232,1122232,石巻あゆみ野,1412594.44,-384361.11
1122229,1122229,蛇田,1412776.52,-384382.18
1122230,1122230,陸前山下,1412888.68,-384377.18
1122231,1122231,石巻,1413035.53,-384353.8
1122301,1123156,小牛田,1410643.55,-385411.11
1122302,1122302,上涌谷,1410994.73,-385491.94
1122303,1122303,涌谷,1411273.59,-385381.51
1122304,1122304,前谷地,1411943.45,-385121.87
1122305,1122305,佳景山,1412396.22,-384979.74
1122306,1122306,鹿又,1412830.16,-384858.51
1122307,1122307,曽波神,1412878.48,-384659.93
1122308,1122231,石巻,1413035.53,-384353.8
1122309,1122309,陸前稲井,1413348.47,-384454.63
1122310,1122310,渡波,1413651.23,-384200.51
1122311,1122311,万石浦,1413685.55,-384288.55
1122312,1122312,沢田,1413823.4,-384323.97
1122313,1122313,浦宿,1414213.55,-384365.42
1122314,1122314,女川,1414449.19,-384464.03
1122401,1122304,前谷地,1411943.45,-385121.87
1122402,1122402,和渕,1412204.28,-385257.72
1122403,1122403,のの岳,1412258.13,-385525.67
1122404,1122404,陸前豊里,1412446.74,-385824.81
1122405,1122405,御岳堂,1412647.18,-386056.62
1122406,1122406,柳津,1413059.47,-386116.93
1122407,1122407,陸前横山,1413539.81,-386307.76
1122408,1122408,陸前戸倉,1414333.8,-386479.77
1122409,1122409,志津川,1414428.94,-386781.13
1122410,1122410,清水浜,1414867.98,-386904.18
1122411,1122411,歌津,1415192.63,-387176.61
1122412,1122412,陸前港,1415308.59,-387385.59
1122413,1122413,蔵内,1415242.14,-387539.52
1122414,1122414,陸前小泉,1415090.68,-387667.86
1122415,1122415,本吉,1415019.37,-387860.42
1122416,1122416,小金沢,1415347.55,-387956.86
1122417,1122417,大谷海岸,1415669.27,-388139.01
1122418,1122418,陸前階上,1415803.39,-388371.13
1122419,1122419,最知,1415813.82,-388535.16
1122420,1122420,松岩,1415837.68,-388733.69
1122421,1122421,南気仙沼,1415767.53,-388948.16
1122422,1122422,不動の沢,1415623.6,-388985.19
1122423,1120814,気仙沼,1415588.93,-389100.31
1123023,1123023,坂元,1409127.27,-379284.54
1123024,1123024,山下,1409006.88,-379672.92
1123025,1123025,浜吉田,1408900.83,-380021.95
1123026,1123026,亘理,1408613.17,-380397.76
1123027,1123027,逢隈,1408546.69,-380675.84
1123028,1123137,岩沼,1408637.83,-381120.5
1123029,1123138,館腰,1408802.08,-381429.87
1123030,1123139,名取,1408827.53,-381730.17
1123031,1123140,南仙台,1408832.96,-381973.84
1123034,1123141,太子堂,1408834.36,-382171.1
1123032,1123142,長町,1408859.86,-382267.97
1123033,1123143,仙台,1408821.58,-382600.27
1123001,1122801,いわき,1408922.73,-370582.41
1123002,1123002,草野,1409472.43,-370738.63
1123003,1123003,四ツ倉,1409809.07,-371023.38
1123004,1123004,久ノ浜,1409957.41,-371424.65
1123005,1123005,末続,1409955.65,-371721.56
1123006,1123006,広野,1409987.69,-372115.7
1123007,1123007,木戸,1410024.7,-372578.75
1123008,1123008,竜田,1410028.22,-372824.85
1123009,1123009,富岡,1410227.6,-373339.6
1123010,1123010,夜ノ森,1409919.88,-373657.61
1123011,1123011,大野,1409841.63,-374093.67
1123012,1123012,双葉,1410058.15,-374537.95
1123013,1123013,浪江,1409895.21,-374922.91
1123014,1123014,桃内,1409843.52,-375286.6
1123015,1123015,小高,1409963.75,-375629.8
1123016,1123016,磐城太田,1409914.07,-376051.14
1123017,1123017,原ノ町,1409711.61,-376379.0
1123018,1123018,鹿島,1409700.62,-377028.27
1123019,1123019,日立木,1409346.42,-377560.81
1123020,1123020,相馬,1409257.13,-378024.55
1123021,1123021,駒ケ嶺,1409250.75,-378423.53
1123022,1123022,新地,1409265.01,-378811.23
1121444,1121444,小砂川,1398856.92,-391375.07
1121445,1121445,上浜,1399028.23,-391647.38
1121446,1121446,象潟,1399022.05,-392078.0
1121447,1121447,金浦,1399206.62,-392561.83
1121448,1121448,仁賀保,1399645.96,-392897.9
1121449,1121449,西目,1400185.18,-393475.36
1121450,1121450,羽後本荘,1400576.32,-393868.77
1121451,1121451,羽後岩谷,1400906.0,-394420.75
1121452,1121452,折渡,1400910.97,-394764.23
1121453,1121453,羽後亀田,1400630.32,-394938.84
1121454,1121454,岩城みなと,1400551.22,-395454.87
1121455,1121455,道川,1400570.49,-395605.4
1121456,1121456,下浜,1400645.67,-396196.78
1121457,1121457,桂根,1400664.82,-396475.66
1121458,1121458,新屋,1400877.99,-396774.93
1121459,1121459,羽後牛島,1401164.67,-396958.34
1121460,1120228,秋田,1401299.31,-397167.48
1121423,1121423,鼠ケ関,1395488.27,-385554.33
1121424,1121424,小岩川,1395658.3,-385903.99
1121425,1121425,あつみ温泉,1395879.55,-386242.17
1121426,1121426,五十川,1396161.82,-386706.58
1121427,1121427,小波渡,1396498.36,-386924.84
1121428,1121428,三瀬,1396736.43,-386994.48
1121429,1121429,羽前水沢,1397313.72,-387134.44
1121430,1121430,羽前大山,1397681.94,-387421.55
1121431,1121431,鶴岡,1398353.8,-387401.1
1121432,1121432,藤島,1398940.87,-387686.46
1121433,1121433,西袋,1399077.54,-388115.28
1121434,1121434,余目,1399113.48,-388443.21
1121435,1121435,北余目,1399080.74,-388675.38
1121436,1121436,砂越,1399073.45,-388951.95
1121437,1121437,東酒田,1398754.95,-389075.18
1121438,1121438,酒田,1398459.87,-389221.94
1121439,1121439,本楯,1398820.81,-389686.48
1121440,1121440,南鳥海,1398986.62,-389873.6
1121441,1121441,遊佐,1399051.61,-390159.43
1121442,1121442,吹浦,1398787.62,-390699.34
1121443,1121443,女鹿,1398809.63,-390988.07
1121501,1120231,追分,1400578.1,-398099.25
1121502,1121502,出戸浜,1400243.74,-398444.73
1121503,1121503,上二田,1400040.9,-398690.89
1121504,1121504,二田,1399871.71,-398817.4
1121505,1121505,天王,1399636.09,-398987.82
1121506,1121506,船越,1399468.04,-399047.3
1121507,1121507,脇本,1399026.57,-399151.72
1121508,1121508,羽立,1398620.5,-399045.69
1121509,1121509,男鹿,1398486.47,-398845.71
1121605,1121605,板谷,1402688.15,-378116.27
1121606,1121606,峠,1402360.41,-378119.35
1121607,1121607,大沢,1401980.1,-378397.75
1121608,1121608,関根,1401462.84,-378645.92
1121609,1121609,米沢,1401282.09,-379094.78
1121610,1121610,置賜,1401424.96,-379540.93
1121611,1121611,高畠,1401528.1,-379923.14
1121612,1121612,赤湯,1401489.78,-380470.81
1121613,1121613,中川,1402035.53,-380933.49
1121614,1121614,羽前中山,1402183.18,-381241.58
1121615,1121615,かみのやま温泉,1402786.7,-381522.59
1121616,1121616,茂吉記念館前,1402981.67,-381712.49
1121617,1121617,蔵王,1403032.99,-382059.2
1121618,1121618,山形,1403272.53,-382480.98
1121619,1121619,北山形,1403326.58,-382659.02
1121620,1121620,羽前千歳,1403421.68,-382873.13
1121621,1121621,南出羽,1403446.92,-383028.34
1121622,1121622,漆山,1403476.61,-383144.77
1121623,1121623,高擶,1403588.32,-383307.26
1121636,1121636,天童南,1403658.53,-383424.89
1121624,1121624,天童,1403693.03,-383598.9
1121625,1121625,乱川,1403746.63,-383865.54
1121626,1121626,神町,1403783.89,-384122.76
1121627,1121627,さくらんぼ東根,1403806.77,-384280.6
1121628,1121628,東根,1403840.35,-384508.63
1121629,1121629,村山,1403863.99,-384770.78
1121630,1121630,袖崎,1403912.95,-385482.59
1121631,1121631,大石田,1403753.49,-385959.16
1121632,1121632,北大石田,1403712.34,-386294.87
1121633,1121633,芦沢,1403610.16,-386552.58
1121634,1121634,舟形,1403161.57,-386915.83
1121635,1120201,新庄,1403060.64,-387625.6
1121601,1123124,福島,1404596.8,-377541.23
1121602,1121602,笹木野,1404259.85,-377659.26
1121603,1121603,庭坂,1403898.47,-377715.37
1121604,1121604,赤岩,1403355.45,-378056.7
1121801,1121618,山形,1403272.53,-382480.98
1121802,1121619,北山形,1403326.58,-382659.02
1121803,1121803,東金井,1403026.66,-382770.58
1121804,1121804,羽前山辺,1402715.71,-382947.56
1121805,1121805,羽前金沢,1402705.16,-383208.37
1121806,1121806,羽前長崎,1402730.18,-383329.69
1121807,1121807,南寒河江,1402776.7,-383560.33
1121808,1121808,寒河江,1402744.87,-383725.48
1121809,1121809,西寒河江,1402666.2,-383796.27
1121810,1121810,羽前高松,1402486.66,-383974.94
1121811,1121811,柴橋,1402258.2,-383808.74
1121812,1121812,左沢,1402081.32,-383822.23
1121901,1121609,米沢,1401282.09,-379094.78
1121902,1121902,南米沢,1401083.64,-378960.43
1121903,1121903,西米沢,1400848.1,-379172.79
1121904,1121904,成島,1400755.84,-379433.5
1121905,1121905,中郡,1400672.86,-379691.09
1121906,1121906,羽前小松,1400485.03,-380047.21
1121907,1121907,犬川,1400520.38,-380253.33
1121908,1121908,今泉,1400441.2,-380566.97
1121909,1121909,萩生,1400042.07,-380618.2
1121910,1121910,羽前椿,1399942.93,-380386.36
1121911,1121911,手ノ子,1399612.64,-380117.66
1121912,1121912,羽前沼沢,1398724.97,-380286.98
1121913,1121913,伊佐領,1398226.35,-380510.5
1121914,1121914,羽前松岡,1397804.45,-380453.91
1121915,1121915,小国,1397501.67,-380614.22
1122001,1120201,新庄,1403060.64,-387625.6
1122002,1122002,升形,1402442.3,-387516.46
1122003,1122003,羽前前波,1402095.25,-387476.54
1122004,1122004,津谷,1401863.75,-387376.18
1122005,1122005,古口,1401460.2,-387371.29
1122006,1122006,高屋,1400709.36,-387525.67
1122007,1122007,清川,1400207.61,-387901.52
1122008,1122008,狩川,1399767.77,-387936.7
1122009,1122009,南野,1399447.42,-388181.3
1122010,1121434,余目,1399113.48,-388443.21
1122501,1123114,郡山,1403893.63,-373981.87
1122516,1122516,郡山富田,1403695.0,-374203.61
1122502,1122502,喜久田,1403419.12,-374517.46
1122503,1122503,安子ケ島,1403101.33,-374720.48
1122504,1122504,磐梯熱海,1402707.0,-374807.43
1122505,1122505,中山宿,1402194.01,-374956.48
1122506,1122506,上戸,1401635.38,-374878.48
1122507,1122507,猪苗代湖畔,1401475.64,-375005.63
1122508,1122508,関都,1401436.19,-375155.77
1122509,1122509,川桁,1401368.69,-375356.39
1122510,1122510,猪苗代,1401031.22,-375462.86
1122511,1122511,翁島,1400540.79,-375528.37
1122512,1122512,磐梯町,1399934.13,-375573.05
1122513,1122513,東長原,1399482.39,-375664.65
1122514,1122514,広田,1399333.43,-375492.35
1122515,1122515,会津若松,1399301.59,-375088.24
1122601,1122515,会津若松,1399301.59,-375088.24
1122602,1122602,堂島,1399117.06,-375547.23
1122603,1122603,笈川,1398953.18,-375791.17
1122604,1122604,塩川,1398871.6,-375939.3
1122605,1122605,姥堂,1398810.01,-376159.52
1122606,1122606,会津豊川,1398767.87,-376334.99
1122607,1122607,喜多方,1398683.65,-376438.86
1122608,1122608,山都,1397665.34,-376392.28
1122609,1122609,荻野,1397221.19,-376176.13
1122610,1122610,尾登,1396915.42,-376090.24
1122611,1122611,野沢,1396446.2,-375908.98
1122612,1122612,上野尻,1396338.69,-376250.41
1122613,1122613,徳沢,1396028.79,-376668.76
1122701,1122515,会津若松,1399301.59,-375088.24
1122702,1122702,七日町,1399189.58,-375012.1
1122703,1122703,西若松,1399141.72,-374860.34
1122704,1122704,会津本郷,1398929.87,-374634.88
1122705,1122705,会津高田,1398412.66,-374708.39
1122706,1122706,根岸,1398286.03,-375018.85
1122707,1122707,新鶴,1398284.99,-375171.61
1122708,1122708,若宮,1398283.21,-375352.43
1122709,1122709,会津坂下,1398215.09,-375566.95
1122710,1122710,塔寺,1397852.41,-375693.68
1122711,1122711,会津坂本,1397568.02,-375532.66
1122712,1122712,会津柳津,1397238.17,-375386.64
1122713,1122713,郷戸,1397099.11,-375163.6
1122714,1122714,滝谷,1396979.9,-374943.15
1122715,1122715,会津桧原,1396793.82,-374916.64
1122716,1122716,会津西方,1396615.28,-374809.37
1122717,1122717,会津宮下,1396471.02,-374711.69
1122718,1122718,早戸,1395936.05,-374699.53
1122719,1122719,会津水沼,1395607.33,-374830.26
1122720,1122720,会津中川,1395321.35,-374737.85
1122721,1122721,会津川口,1395238.4,-374550.76
1122722,1122722,本名,1394988.2,-374447.6
1122723,1122723,会津越川,1394694.05,-373986.84
1122724,1122724,会津横田,1394358.53,-373923.53
1122725,1122725,会津大塩,1394130.44,-373928.03
1122726,1122726,会津塩沢,1393550.96,-373935.99
1122727,1122727,会津蒲生,1393332.13,-373817.75
1122728,1122728,只見,1393147.83,-373502.39
1122801,1122801,いわき,1408922.73,-370582.41
1122802,1122802,赤井,1408662.94,-370806.31
1122803,1122803,小川郷,1408625.14,-371264.46
1122804,1122804,江田,1408260.9,-371793.89
1122805,1122805,川前,1407503.35,-372055.9
1122806,1122806,夏井,1406625.52,-372531.08
1122807,1122807,小野新町,1406365.6,-372758.19
1122808,1122808,神俣,1406594.87,-373241.86
1122809,1122809,菅谷,1406441.85,-373510.24
1122810,1122810,大越,1406306.93,-373867.46
1122811,1122811,磐城常葉,1406055.79,-374206.11
1122812,1122812,船引,1405745.58,-374429.1
1122813,1122813,要田,1405207.73,-374539.69
1122814,1122814,三春,1404792.75,-374498.41
1122815,1122815,舞木,1404350.74,-374167.16
1122816,1123114,郡山,1403893.63,-373981.87
1122930,1122930,勿来,1407865.06,-368838.83
1122931,1122931,植田,1407964.68,-369206.49
1122932,1122932,泉,1408541.25,-369556.02
1122933,1122933,湯本,1408498.84,-370069.22
1122934,1122934,内郷,1408550.05,-370358.95
1122935,1122801,いわき,1408922.73,-370582.41
1133827,1133827,矢祭山,1403952.78,-368497.8
1133828,1133828,東館,1404233.14,-368702.64
1133829,1133829,南石井,1404169.02,-368946.25
1133830,1133830,磐城石井,1404153.21,-369045.16
1133831,1133831,磐城塙,1404120.5,-369586.2
1133832,1133832,近津,1403936.99,-370004.87
1133833,1133833,中豊,1403932.53,-370224.79
1133834,1133834,磐城棚倉,1403844.23,-370351.27
1133835,1133835,磐城浅川,1404143.29,-370797.87
1133836,1133836,里白石,1404166.55,-371041.95
1133837,1133837,磐城石川,1404439.69,-371406.35
1133838,1133838,野木沢,1404209.7,-371752.24
1133839,1133839,川辺沖,1404057.23,-371927.94
1133840,1133840,泉郷,1404052.89,-372144.94
1133841,1133841,川東,1404062.2,-372701.19
1133842,1133842,小塩江,1404302.46,-372955.33
1133843,1133843,谷田川,1404311.17,-373137.2
1133844,1133844,磐城守山,1404064.85,-373307.76
1133845,1123113,安積永盛,1403689.43,-373569.67
1133846,1123114,郡山,1403893.63,-373981.87
