1141548,1141548,石動,1368658.59,-366724.92
1141549,1141549,福岡,1369320.79,-367082.39
1141550,1141550,西高岡,1369652.95,-367242.95
1141551,1141551,高岡,1370152.74,-367409.48
1141552,1141552,越中大門,1370559.04,-367338.18
1141553,1141553,小杉,1370927.67,-367209.47
1141554,1141554,呉羽,1371648.74,-367188.45
1141555,1140501,富山,1372130.91,-367013.84
1141701,1141551,高岡,1370152.74,-367409.48
1141714,100917,新高岡,1370104.59,-367270.04
1141702,1141702,二塚,1370061.41,-367143.39
1141703,1141703,林,1369993.79,-367045.04
1141704,1141704,戸出,1369838.98,-366843.23
1141705,1141705,油田,1369703.72,-366551.24
1141706,1141706,砺波,1369536.48,-366364.24
1141707,1141707,東野尻,1369435.0,-366185.73
1141708,1141708,高儀,1369360.07,-366066.97
1141709,1141709,福野,1369231.66,-365885.41
1141710,1141710,東石黒,1368981.66,-365760.5
1141711,1141711,福光,1368781.35,-365581.21
1141712,1141712,越中山田,1368875.22,-365385.13
1141713,1141713,城端,1369016.73,-365220.12
1141801,1141551,高岡,1370152.74,-367409.48
1141802,1141802,越中中川,1370278.51,-367497.64
1141803,1141803,能町,1370398.85,-367682.59
1141804,1141804,伏木,1370585.3,-367923.06
1141805,1141805,越中国分,1370507.29,-368053.61
1141806,1141806,雨晴,1370375.83,-368164.84
1141807,1141807,島尾,1370126.9,-368284.23
1141808,1141808,氷見,1369906.31,-368498.99
1141530,1141530,大聖寺,1363142.05,-363003.11
1141531,1141531,加賀温泉,1363503.37,-363205.62
1141532,1141532,動橋,1363830.27,-363284.28
1141533,1141533,粟津,1364245.44,-363557.5
1141534,1141534,小松,1364529.26,-364025.45
1141535,1141535,明峰,1364631.14,-364253.02
1141536,1141536,能美根上,1364597.21,-364520.53
1141537,1141537,小舞子,1364749.25,-364763.71
1141538,1141538,美川,1364892.05,-364860.01
1141539,1141539,加賀笠間,1365274.34,-365029.35
1141540,1141540,松任,1365662.05,-365267.06
1141541,1141541,野々市,1365980.44,-365416.44
1141542,1141542,西金沢,1366212.25,-365532.12
1141543,1141543,金沢,1366481.66,-365781.17
1141511,1141511,新疋田,1361005.58,-355942.39
1141512,1141512,敦賀,1360764.88,-356447.67
1141513,1141513,南今庄,1361847.23,-357574.24
1141514,1141514,今庄,1361992.79,-357729.47
1141515,1141515,湯尾,1361930.07,-358032.51
1141516,1141516,南条,1361933.91,-358319.56
1141517,1141517,王子保,1361655.95,-358662.59
1141518,1141518,武生,1361709.13,-359032.54
1141519,1141519,鯖江,1361888.52,-359433.55
1141520,1141520,北鯖江,1361984.52,-359714.96
1141521,1141521,大土呂,1362165.19,-360105.46
1141522,1141522,越前花堂,1362180.73,-360387.71
1141523,1141523,福井,1362235.16,-360620.57
1141524,1141524,森田,1362225.16,-361093.81
1141525,1141525,春江,1362284.87,-361290.04
1141526,1141526,丸岡,1362335.02,-361625.95
1141527,1141527,芦原温泉,1362350.69,-362145.42
1141528,1141528,細呂木,1362569.68,-362412.5
1141529,1141529,牛ノ谷,1362816.18,-362594.09
1141501,1141501,米原,1362899.92,-353146.57
1141502,1141502,坂田,1362877.43,-353357.77
1141503,1141503,田村,1362818.13,-353563.07
1141504,1141504,長浜,1362649.01,-353788.28
1141505,1141505,虎姫,1362573.85,-354245.39
1141506,1141506,河毛,1362495.19,-354484.25
1141507,1141507,高月,1362377.16,-354703.37
1141508,1141508,木ノ本,1362217.06,-355059.33
1141509,1141509,余呉,1361975.91,-355338.2
1141510,1141510,近江塩津,1361512.36,-355397.8
1141901,1141546,津幡,1367307.59,-366578.95
1141902,1141902,中津幡,1367402.79,-366715.6
1141903,1141903,本津幡,1367322.02,-366766.73
1141904,1141904,能瀬,1367198.98,-366931.52
1141905,1141905,宇野気,1367030.6,-367227.95
1141906,1141906,横山,1367168.5,-367477.39
1141907,1141907,高松,1367288.23,-367685.41
1141908,1141908,免田,1367475.81,-367958.06
1141909,1141909,宝達,1367622.29,-368198.75
1141910,1141910,敷浪,1367734.55,-368480.94
1141911,1141911,南羽咋,1367746.31,-368703.24
1141912,1141912,羽咋,1367833.32,-368970.73
1141913,1141913,千路,1368011.95,-369281.39
1141914,1141914,金丸,1368358.74,-369433.44
1141915,1141915,能登部,1368694.03,-369608.67
1141916,1141916,良川,1368946.28,-369766.62
1141917,1141917,能登二宮,1369173.89,-369848.24
1141918,1141918,徳田,1369302.95,-370074.49
1141919,1141919,七尾,1369645.01,-370416.13
1141920,1141920,和倉温泉,1369258.84,-370746.63
1141544,1141544,東金沢,1366698.06,-365936.52
1141545,1141545,森本,1366894.89,-366121.44
1141546,1141546,津幡,1367307.59,-366578.95
1141547,1141547,倶利伽羅,1367916.05,-366724.89
1142101,1141523,福井,1362235.16,-360620.57
1142102,1141522,越前花堂,1362180.73,-360387.71
1142103,1142103,六条,1362395.94,-360281.75
1142104,1142104,足羽,1362536.07,-360208.21
1142105,1142105,越前東郷,1362735.61,-360181.85
1142106,1142106,一乗谷,1362974.0,-360136.79
1142107,1142107,越前高田,1363186.69,-360247.59
1142108,1142108,市波,1363304.63,-360198.13
1142109,1142109,小和清水,1363510.85,-360173.2
1142110,1142110,美山,1363650.82,-359985.67
1142111,1142111,越前薬師,1363843.36,-360052.83
1142112,1142112,越前大宮,1364096.94,-360000.64
1142113,1142113,計石,1364347.67,-359975.89
1142114,1142114,牛ケ原,1364673.49,-359985.67
1142115,1142115,北大野,1364879.5,-359979.92
1142116,1142116,越前大野,1364968.77,-359832.94
1142117,1142117,越前田野,1365268.84,-359870.48
1142118,1142118,越前富田,1365412.33,-359909.0
1142119,1142119,下唯野,1365602.7,-359742.08
1142120,1142120,柿ケ島,1365709.38,-359724.3
1142121,1142121,勝原,1365971.51,-359675.12
1142122,1142122,越前下山,1366348.32,-359203.56
1142123,1142123,九頭竜湖,1366614.6,-359044.9
1142203,1142203,青郷,1354998.0,-354815.84
1142204,1142204,三松,1355205.61,-354887.67
1142205,1142205,若狭高浜,1355475.88,-354864.23
1142206,1142206,若狭和田,1355815.64,-354886.64
1142207,1142207,若狭本郷,1356188.34,-354826.16
1142208,1142208,加斗,1356661.45,-354806.72
1142209,1142209,勢浜,1357080.39,-354811.92
1142210,1142210,小浜,1357456.72,-354916.43
1142211,1142211,東小浜,1357810.53,-354852.34
1142212,1142212,新平野,1358071.98,-354730.69
1142213,1142213,上中,1358557.28,-354636.38
1142214,1142214,若狭有田,1358683.77,-354855.36
1142215,1142215,大鳥羽,1358668.72,-355048.39
1142216,1142216,十村,1358965.91,-355159.5
1142217,1142217,藤井,1359062.74,-355321.98
1142218,1142218,三方,1359092.59,-355552.82
1142219,1142219,気山,1359095.31,-355848.87
1142220,1142220,美浜,1359364.96,-356051.38
1142221,1142221,東美浜,1359856.14,-356140.39
1142222,1142222,粟野,1360272.25,-356172.34
1142223,1142223,西敦賀,1360677.87,-356179.75
1142224,1141512,敦賀,1360764.88,-356447.67
1142201,1142201,東舞鶴,1353947.88,-354686.01
1142202,1142202,松尾寺,1354501.33,-354860.18
1150901,1150818,亀山,1364504.51,-348501.03
1150902,1150902,関,1363947.77,-348490.64
1150903,1150903,加太,1363403.05,-348426.39
1150904,1150904,柘植,1362557.04,-348469.93
1150905,1150905,新堂,1362065.07,-348211.68
1150906,1150906,佐那具,1361631.71,-348041.93
1150907,1150907,伊賀上野,1361229.07,-347891.43
1150908,1150908,島ケ原,1360541.84,-347676.86
1150909,1150909,月ケ瀬口,1360237.03,-347628.13
1150910,1150910,大河原,1359876.35,-347717.5
1150911,1150911,笠置,1359342.89,-347590.86
1150912,1150912,加茂,1358696.09,-347525.75
1151101,1150904,柘植,1362557.04,-348469.93
1151102,1151102,油日,1362295.3,-348896.91
1151103,1151103,甲賀,1362126.79,-349013.0
1151104,1151104,寺庄,1361858.92,-349190.78
1151105,1151105,甲南,1361689.9,-349318.04
1151106,1151106,貴生川,1361538.06,-349522.36
1151107,1151107,三雲,1361177.77,-349831.31
1151108,1151108,甲西,1360823.6,-350006.51
1151109,1151109,石部,1360529.63,-350176.85
1151110,1151110,手原,1359992.37,-350273.47
1151111,1151111,草津,1359627.44,-350229.13
1160101,1141501,米原,1362899.92,-353146.57
1160102,1160102,彦根,1362633.47,-352722.16
1160103,1160103,南彦根,1362480.0,-352460.97
1160104,1160104,河瀬,1362252.85,-352253.84
1160105,1160105,稲枝,1361944.69,-352033.12
1160106,1160106,能登川,1361659.87,-351798.97
1160107,1160107,安土,1361335.0,-351424.65
1160108,1160108,近江八幡,1361027.15,-351227.65
1160109,1160109,篠原,1360716.79,-350992.03
1160110,1160110,野洲,1360224.87,-350685.09
1160111,1160111,守山,1359960.37,-350505.13
1160112,1160112,栗東,1359800.83,-350374.48
1160113,1151111,草津,1359627.44,-350229.13
1160114,1160114,南草津,1359473.62,-350038.55
1160115,1160115,瀬田,1359256.73,-349872.23
1160116,1160116,石山,1359002.28,-349798.7
1160117,1160117,膳所,1358805.39,-349993.73
1160118,1160118,大津,1358646.51,-350029.97
1160119,1160119,山科,1358166.47,-349926.36
1160120,1160120,京都,1357577.48,-349854.65
1160503,1160503,大津京,1358572.68,-350244.28
1160504,1160504,唐崎,1358669.69,-350497.95
1160505,1160505,比叡山坂本,1358782.59,-350704.03
1160506,1160506,おごと温泉,1358950.46,-350974.25
1160507,1160507,堅田,1359151.07,-351209.4
1160508,1160508,小野,1359226.42,-351388.32
1160509,1160509,和邇,1359223.48,-351615.88
1160510,1160510,蓬莱,1359154.43,-351825.94
1160511,1160511,志賀,1359249.87,-352023.48
1160512,1160512,比良,1359441.98,-352199.18
1160513,1160513,近江舞子,1359592.94,-352363.42
1160514,1160514,北小松,1359702.93,-352533.84
1160515,1160515,近江高島,1360103.74,-352926.57
1160516,1160516,安曇川,1360198.87,-353284.2
1160517,1160517,新旭,1360357.96,-353559.02
1160518,1160518,近江今津,1360318.82,-353968.64
1160519,1160519,近江中庄,1360383.74,-354416.48
1160520,1160520,マキノ,1360597.8,-354614.37
1160521,1160521,永原,1361223.26,-354988.57
1160522,1141510,近江塩津,1361512.36,-355397.8
1160501,1160120,京都,1357577.48,-349854.65
1160502,1160119,山科,1358166.47,-349926.36
1160201,1160120,京都,1357577.48,-349854.65
1160202,1160202,西大路,1357317.02,-349810.77
1160216,1160216,桂川,1357103.91,-349648.14
1160203,1160203,向日町,1357098.04,-349548.38
1160204,1160204,長岡京,1357008.82,-349234.83
1160205,1160205,山崎,1356791.24,-348922.57
1160215,1160215,島本,1356633.85,-348813.37
1160206,1160206,高槻,1356170.16,-348512.0
1160207,1160207,摂津富田,1355933.6,-348377.29
1160208,1160208,茨木,1355620.8,-348150.91
1160209,1160209,千里丘,1355515.12,-347915.02
1160210,1160210,岸辺,1355416.13,-347768.12
1160211,1160211,吹田,1355236.42,-347632.09
1160212,1160212,東淀川,1355039.15,-347393.8
1160213,1160213,新大阪,1355018.52,-347341.36
1160214,1160214,大阪,1354951.88,-347023.98
1160701,1150912,加茂,1358696.09,-347525.75
1160702,1160702,木津,1358247.94,-347359.62
1160710,1160710,河内堅上,1356629.56,-345740.05
1160711,1160711,高井田,1356386.45,-345714.7
1160712,1160712,柏原,1356234.1,-345866.81
1160713,1160713,志紀,1356159.98,-346002.48
1160714,1160714,八尾,1355971.36,-346172.65
1160715,1160715,久宝寺,1355839.88,-346225.58
1160716,1160716,加美,1355669.39,-346268.88
1160717,1160717,平野,1355516.12,-346308.42
1160718,1160718,東部市場前,1355378.02,-346380.56
1160719,1160719,天王寺,1355141.24,-346472.43
1160720,1160720,新今宮,1355010.76,-346501.49
1160721,1160721,今宮,1354929.75,-346541.56
1160722,1160722,ＪＲ難波,1354952.65,-346664.38
1160703,1160703,平城山,1358102.52,-347104.31
1160704,1160704,奈良,1358189.35,-346804.82
1160705,1160705,郡山,1357904.41,-346483.35
1160706,1160706,大和小泉,1357634.88,-346222.26
1160707,1160707,法隆寺,1357386.04,-346013.77
1160708,1160708,王寺,1357040.05,-345974.48
1160709,1160709,三郷,1356874.84,-345888.67
1161401,1160120,京都,1357577.48,-349854.65
1161402,1161402,丹波口,1357423.96,-349950.1
1161403,1161403,二条,1357417.01,-350109.78
1161404,1161404,円町,1357305.91,-350181.1
1161405,1161405,花園,1357178.95,-350187.43
1161406,1161406,太秦,1357012.69,-350170.19
1161407,1161407,嵯峨嵐山,1356812.7,-350186.98
1161408,1161408,保津峡,1356402.5,-350230.83
1161409,1161409,馬堀,1356023.59,-350106.64
1161410,1161410,亀岡,1355827.66,-350167.38
1161411,1161411,並河,1355549.59,-350324.79
1161412,1161412,千代川,1355482.93,-350485.97
1161413,1161413,八木,1355319.69,-350689.95
1161414,1161414,吉富,1354985.85,-350920.12
1161415,1161415,園部,1354834.7,-351021.67
1161501,1161415,園部,1354834.7,-351021.67
1161502,1161502,船岡,1354918.48,-351334.63
1161503,1161503,日吉,1355034.32,-351621.51
1161504,1161504,鍼灸大学前,1354898.99,-351791.41
1161505,1161505,胡麻,1354684.67,-351953.59
1161506,1161506,下山,1354226.73,-352122.6
1161507,1161507,和知,1353990.15,-352611.01
1161508,1161508,安栖里,1353852.66,-352661.55
1161509,1161509,立木,1353373.18,-352742.56
1161510,1161510,山家,1353186.18,-352937.9
1161511,1161511,綾部,1352518.96,-353021.88
1161512,1161512,高津,1352071.58,-353049.82
1161513,1161513,石原,1351802.41,-353009.04
1161514,1161514,福知山,1351185.64,-352961.43
1161515,1161515,上川口,1350732.84,-353295.04
1161516,1161516,下夜久野,1349988.68,-353198.93
1161517,1161517,上夜久野,1349317.18,-353418.2
1161518,1161518,梁瀬,1348806.82,-353227.96
1161519,1161519,和田山,1348513.7,-353414.1
1161520,1161520,養父,1348117.26,-353713.06
1161521,1161521,八鹿,1347814.03,-354142.87
1161522,1161522,江原,1347757.5,-354694.77
1161523,1161523,国府,1348000.16,-354962.13
1161524,1161524,豊岡,1348136.94,-355438.25
1161701,1160702,木津,1358247.94,-347359.62
1161702,1161702,西木津,1358035.07,-347377.62
1161703,1161703,祝園,1357921.07,-347601.7
1161704,1161704,下狛,1357885.74,-347805.79
1161705,1161705,ＪＲ三山木,1357845.78,-347983.34
1161706,1161706,同志社前,1357786.33,-348051.24
1161707,1161707,京田辺,1357686.64,-348211.14
1161708,1161708,大住,1357498.74,-348307.85
1161709,1161709,松井山手,1357276.17,-348332.88
1161710,1161710,長尾,1357130.91,-348259.38
1161711,1161711,藤阪,1357027.48,-348144.66
1161712,1161712,津田,1356979.46,-348013.73
1161713,1161713,河内磐船,1356845.92,-347765.01
1161714,1161714,星田,1356634.55,-347673.46
1161715,1161715,東寝屋川,1356532.76,-347554.91
1161716,1161716,忍ケ丘,1356452.32,-347457.62
1161717,1161717,四条畷,1356392.97,-347301.28
1161718,1161718,野崎,1356369.42,-347183.34
1161719,1161719,住道,1356214.96,-347062.38
1161720,1161720,鴻池新田,1355976.79,-346988.47
1161721,1161721,徳庵,1355813.86,-346924.23
1161722,1161722,放出,1355632.96,-346881.03
1161723,1161723,鴫野,1355449.95,-346927.69
1161724,1161724,京橋,1355342.53,-346960.47
1161801,1160120,京都,1357577.48,-349854.65
1161802,1161802,東福寺,1357697.78,-349813.71
1161803,1161803,稲荷,1357707.07,-349667.58
1161804,1161804,ＪＲ藤森,1357756.95,-349482.78
1161805,1161805,桃山,1357716.73,-349326.47
1161806,1161806,六地蔵,1357973.35,-349328.43
1161807,1161807,木幡,1357989.01,-349249.62
1161808,1161808,黄檗,1358036.65,-349128.31
1161809,1161809,宇治,1358006.29,-348904.37
1161810,1161810,ＪＲ小倉,1357859.62,-348891.17
1161811,1161811,新田,1357807.07,-348743.14
1161812,1161812,城陽,1357810.71,-348555.36
1161813,1161813,長池,1357898.01,-348423.51
1161814,1161814,山城青谷,1358001.11,-348281.27
1161815,1161815,山城多賀,1358060.0,-348180.09
1161816,1161816,玉水,1358070.22,-348001.08
1161817,1161817,棚倉,1358161.41,-347747.05
1161818,1161818,上狛,1358212.25,-347504.47
1161819,1160702,木津,1358247.94,-347359.62
1161820,1160703,平城山,1358102.52,-347104.31
1161821,1160704,奈良,1358189.35,-346804.82
1162201,1161514,福知山,1351185.64,-352961.43
1162202,1161513,石原,1351802.41,-353009.04
1162203,1161512,高津,1352071.58,-353049.82
1162204,1161511,綾部,1352518.96,-353021.88
1162205,1162205,淵垣,1352945.7,-353283.02
1162206,1162206,梅迫,1353110.59,-353487.74
1162207,1162207,真倉,1353261.26,-354071.46
1162208,1162208,西舞鶴,1353305.45,-354417.84
1162209,1142201,東舞鶴,1353947.88,-354686.01
1163010,1161514,福知山,1351185.64,-352961.43
1163001,1162923,篠山口,1351774.52,-350562.23
1163002,1163002,丹波大山,1351685.33,-350723.69
1163003,1163003,下滝,1350942.68,-350879.1
1163004,1163004,谷川,1350496.66,-350827.24
1163005,1163005,柏原,1350770.82,-351272.06
1163006,1163006,石生,1350637.19,-351527.06
1163007,1163007,黒井,1350973.02,-351685.49
1163008,1163008,市島,1351301.98,-352078.68
1163009,1163009,丹波竹田,1351339.08,-352437.3
1160301,1160214,大阪,1354951.88,-347023.98
1160302,1160302,塚本,1354688.43,-347127.1
1160303,1160303,尼崎,1354316.85,-347317.91
1160304,1160304,立花,1353995.71,-347378.75
1160305,1160305,甲子園口,1353744.26,-347390.52
1160306,1160306,西宮,1353487.03,-347389.85
1160316,1160316,さくら夙川,1353310.93,-347390.79
1160307,1160307,芦屋,1353071.02,-347342.07
1160308,1160308,甲南山手,1352927.88,-347306.16
1160309,1160309,摂津本山,1352769.9,-347266.61
1160310,1160310,住吉,1352618.59,-347195.95
1160311,1160311,六甲道,1352385.88,-347149.45
1160317,1160317,摩耶,1352251.67,-347086.67
1160312,1160312,灘,1352165.78,-347059.18
1160313,1160313,三ノ宮,1351950.58,-346947.66
1160314,1160314,元町,1351874.01,-346896.02
1160315,1160315,神戸,1351782.21,-346794.53
1162301,1160719,天王寺,1355141.24,-346472.43
1162302,1160720,新今宮,1355010.76,-346501.49
1162303,1160721,今宮,1354929.75,-346541.56
1162304,1162304,芦原橋,1354892.4,-346586.08
1162305,1162305,大正,1354799.32,-346655.82
1162306,1162306,弁天町,1354623.48,-346694.03
1162307,1162307,西九条,1354667.79,-346826.9
1162308,1162308,野田,1354748.37,-346890.69
1162309,1162309,福島,1354865.63,-346971.67
1162310,1160214,大阪,1354951.88,-347023.98
1162311,1162311,天満,1355122.33,-347049.23
1162312,1162312,桜ノ宮,1355209.44,-347049.76
1162313,1161724,京橋,1355342.53,-346960.47
1162314,1162314,大阪城公園,1355344.82,-346885.8
1162315,1162315,森ノ宮,1355339.96,-346804.12
1162316,1162316,玉造,1355329.01,-346735.59
1162317,1162317,鶴橋,1355301.33,-346652.64
1162318,1162318,桃谷,1355279.08,-346584.53
1162319,1162319,寺田町,1355234.37,-346479.57
1162401,1162307,西九条,1354667.79,-346826.9
1162402,1162402,安治川口,1354439.21,-346734.16
1162403,1162403,ユニバーサルシティ,1354387.05,-346678.42
1162404,1162404,桜島,1354321.36,-346620.65
1162501,1161724,京橋,1355342.53,-346960.47
1162502,1162502,大阪城北詰,1355255.38,-346942.83
1162503,1162503,大阪天満宮,1355134.42,-346974.04
1162504,1160214,北新地,1354970.38,-346983.23
1162505,1162309,新福島,1354859.3,-346950.94
1162506,1162506,海老江,1354732.76,-346954.4
1162507,1162507,御幣島,1354556.8,-347125.9
1162508,1162508,加島,1354541.83,-347274.96
1162509,1160303,尼崎,1354316.85,-347317.91
1162601,1160719,天王寺,1355141.24,-346472.43
1162602,1162602,美章園,1355237.65,-346384.11
1162603,1162603,南田辺,1355208.6,-346255.51
1162604,1162604,鶴ケ丘,1355170.88,-346179.99
1162605,1162605,長居,1355127.69,-346109.0
1162606,1162606,我孫子町,1355066.7,-346018.73
1162607,1162607,杉本町,1355030.34,-345931.13
1162608,1162608,浅香,1355024.23,-345853.03
1162609,1162609,堺市,1354986.44,-345777.65
1162610,1162610,三国ケ丘,1354927.43,-345663.19
1162611,1162611,百舌鳥,1354889.34,-345583.22
1162612,1162612,上野芝,1354780.26,-345494.84
1162613,1162613,津久野,1354681.08,-345422.87
1162614,1162614,鳳,1354587.34,-345316.74
1162615,1162615,富木,1354511.71,-345225.34
1162616,1162616,北信太,1354415.06,-345106.71
1162617,1162617,信太山,1354328.95,-345001.83
1162618,1162618,和泉府中,1354238.91,-344879.4
1162619,1162619,久米田,1354053.84,-344657.4
1162620,1162620,下松,1353968.3,-344573.44
1162621,1162621,東岸和田,1353858.59,-344493.41
1162622,1162622,東貝塚,1353730.55,-344400.51
1162623,1162623,和泉橋本,1353587.62,-344273.79
1162624,1162624,東佐野,1353501.38,-344167.44
1162625,1162625,熊取,1353410.86,-344060.48
1162626,1162626,日根野,1353313.09,-343907.5
1162627,1162627,長滝,1353195.74,-343818.65
1162628,1162628,新家,1352990.76,-343724.05
1162629,1162629,和泉砂川,1352812.42,-343602.89
1162630,1162630,和泉鳥取,1352632.38,-343425.38
1162631,1162631,山中渓,1352697.41,-343255.34
1162632,1162632,紀伊,1352461.79,-342692.13
1162633,1162633,六十谷,1352071.16,-342624.4
1162634,1162634,紀伊中ノ島,1351902.23,-342428.94
1162635,1162635,和歌山,1351914.54,-342324.36
1162701,1162614,鳳,1354587.34,-345316.74
1162702,1162702,東羽衣,1354428.24,-345350.29
1162801,1162626,日根野,1353313.09,-343907.5
1162802,1162802,りんくうタウン,1353001.17,-344103.08
1162803,1162803,関西空港,1352434.19,-344360.0
1162901,1160213,新大阪,1355018.52,-347341.36
1162902,1160214,大阪,1354951.88,-347023.98
1162903,1160303,尼崎,1354316.85,-347317.91
1162904,1162904,塚口,1354249.48,-347510.28
1162905,1162905,猪名寺,1354225.98,-347640.86
1162906,1162906,伊丹,1354216.86,-347806.5
1162907,1162907,北伊丹,1354193.26,-348013.49
1162908,1162908,川西池田,1354099.01,-348248.57
1162909,1162909,中山寺,1353739.93,-348166.27
1162910,1162910,宝塚,1353403.99,-348115.62
1162911,1162911,生瀬,1353250.58,-348191.59
1162912,1162912,西宮名塩,1353088.71,-348271.25
1162913,1162913,武田尾,1353058.38,-348553.16
1162914,1162914,道場,1352555.28,-348673.03
1162915,1162915,三田,1352297.9,-348887.87
1162916,1162916,新三田,1352086.1,-349101.83
1162917,1162917,広野,1351912.67,-349284.24
1162918,1162918,相野,1351559.98,-349474.82
1162919,1162919,藍本,1351555.33,-349770.41
1162920,1162920,草野,1351524.0,-349968.87
1162921,1162921,古市,1351548.08,-350219.32
1162922,1162922,南矢代,1351748.75,-350376.97
1162923,1162923,篠山口,1351774.52,-350562.23
1164101,1161722,放出,1355632.96,-346881.03
1164102,1164102,高井田中央,1355723.62,-346787.64
1164103,1164103,ＪＲ河内永和,1355722.55,-346647.17
1164104,1164104,ＪＲ俊徳道,1355724.21,-346583.72
1164105,1164105,ＪＲ長瀬,1355701.68,-346495.16
1164106,1160716,新加美,1355685.88,-346268.61
1164107,1160715,久宝寺,1355839.88,-346225.58
1160801,1160315,神戸,1351782.21,-346794.53
1160802,1160802,兵庫,1351647.06,-346683.43
1160803,1160803,新長田,1351451.93,-346575.25
1160804,1160804,鷹取,1351352.75,-346516.67
1160822,1160822,須磨海浜公園,1351266.16,-346471.85
1160805,1160805,須磨,1351128.14,-346422.92
1160806,1160806,塩屋,1350833.61,-346335.07
1160807,1160807,垂水,1350538.72,-346292.52
1160808,1160808,舞子,1350343.73,-346330.2
1160809,1160809,朝霧,1350174.85,-346441.96
1160810,1160810,明石,1349925.12,-346490.84
1160811,1160811,西明石,1349601.51,-346659.1
1160812,1160812,大久保,1349391.94,-346819.14
1160813,1160813,魚住,1349060.28,-346964.01
1160814,1160814,土山,1348889.21,-347204.82
1160815,1160815,東加古川,1348692.44,-347458.57
1160816,1160816,加古川,1348394.47,-347676.66
1160817,1160817,宝殿,1348121.58,-347847.95
1160818,1160818,曽根,1347698.38,-347933.04
1160819,1160819,ひめじ別所,1347533.09,-348055.44
1160820,1160820,御着,1347354.86,-348169.44
1160823,1160823,東姫路,1347124.72,-348243.61
1160821,1160821,姫路,1346907.69,-348276.59
1160901,1160821,姫路,1346907.69,-348276.59
1160902,1160902,英賀保,1346447.62,-348132.35
1160918,1160918,はりま勝原,1346141.05,-348101.57
1160903,1160903,網干,1345840.35,-348140.96
1160904,1160904,竜野,1345220.04,-348255.22
1160905,1160905,相生,1344734.1,-348180.52
1160906,1160906,有年,1343955.68,-348292.63
1160907,1160907,上郡,1343540.81,-348658.45
1160908,1160908,三石,1342754.16,-348045.07
1160909,1160909,吉永,1342046.26,-348122.59
1160910,1160910,和気,1341527.87,-347972.97
1160911,1160911,熊山,1341094.33,-347835.56
1160912,1160912,万富,1340806.09,-347582.56
1160913,1160913,瀬戸,1340418.97,-347344.99
1160914,1160914,上道,1340205.69,-346994.66
1160915,1160915,東岡山,1339881.03,-346856.33
1160916,1160916,高島,1339577.4,-346830.74
1160919,1160919,西川原,1339365.55,-346780.0
1160917,1160917,岡山,1339185.52,-346665.72
1161301,1160802,兵庫,1351647.06,-346683.43
1161302,1161302,和田岬,1351742.68,-346572.78
1161601,1161524,豊岡,1348136.94,-355438.25
1161602,1161602,玄武洞,1347993.05,-355886.45
1161603,1161603,城崎温泉,1348134.37,-356237.64
1161604,1161604,竹野,1347564.05,-356498.07
1161605,1161605,きりはまビーチ,1347450.4,-356587.43
1161606,1161606,佐津,1346858.56,-356531.4
1161607,1161607,柴山,1346638.86,-356464.54
1161608,1161608,香住,1346235.9,-356353.44
1161609,1161609,鎧,1345751.44,-356516.91
1161610,1161610,餘部,1345569.18,-356486.58
1161611,1161611,久谷,1345173.74,-356275.49
1161612,1161612,浜坂,1344525.58,-356206.18
1161613,1161613,諸寄,1344343.03,-356195.29
1161614,1161614,居組,1343937.36,-356069.82
1161615,1161615,東浜,1343622.25,-355994.71
1161616,1161616,岩美,1343355.95,-355741.82
1161617,1161617,大岩,1343081.14,-355668.35
1161618,1161618,福部,1342872.39,-355455.12
1161619,1161619,鳥取,1342259.01,-354939.53
1161620,1161620,湖山,1341862.32,-355134.55
1161621,1161621,鳥取大学前,1341743.05,-355180.4
1161622,1161622,末恒,1341357.39,-355239.5
1161623,1161623,宝木,1340817.89,-355141.53
1161624,1161624,浜村,1340507.49,-355095.22
1161625,1161625,青谷,1339957.82,-355162.28
1161626,1161626,泊,1339365.15,-355091.03
1161627,1161627,松崎,1339020.53,-354687.1
1161628,1161628,倉吉,1338496.61,-354547.3
1161629,1161629,下北条,1338091.09,-354819.15
1161630,1161630,由良,1337543.67,-354902.36
1161631,1161631,浦安,1336934.62,-354996.95
1161632,1161632,八橋,1336736.83,-355032.56
1161633,1161633,赤碕,1336345.27,-355124.37
1161634,1161634,中山口,1335900.17,-355208.8
1161635,1161635,下市,1335663.02,-355188.21
1161636,1161636,御来屋,1335028.58,-355122.34
1161637,1161637,名和,1334919.2,-355072.56
1161638,1161638,大山口,1334567.18,-354850.45
1161639,1161639,淀江,1334297.88,-354570.17
1161640,1161640,伯耆大山,1333842.16,-354301.42
1161641,1161641,東山公園,1333519.02,-354307.53
1161642,1161642,米子,1333365.7,-354232.7
1163101,1160905,相生,1344734.1,-348180.52
1163102,1163102,西相生,1344505.63,-348013.03
1163103,1163103,坂越,1344172.44,-347686.79
1163104,1163104,播州赤穂,1343929.76,-347566.01
1163105,1163105,天和,1343514.18,-347490.97
1163106,1163106,備前福河,1343316.64,-347466.81
1163107,1163107,寒河,1342977.8,-347461.22
1163108,1163108,日生,1342764.85,-347351.48
1163109,1163109,伊里,1342245.25,-347414.24
1163110,1163110,備前片上,1341970.06,-347482.95
1163111,1163111,西片上,1341841.77,-347451.93
1163112,1163112,伊部,1341605.54,-347387.98
1163113,1163113,香登,1341195.42,-347277.37
1163114,1163114,長船,1340988.28,-346999.09
1163115,1163115,邑久,1340910.27,-346685.26
1163116,1163116,大富,1340707.62,-346614.29
1163117,1163117,西大寺,1340370.37,-346618.78
1163118,1163118,大多羅,1340063.54,-346656.61
1163119,1160915,東岡山,1339881.03,-346856.33
1163120,1160916,高島,1339577.4,-346830.74
1163122,1160919,西川原,1339365.55,-346780.0
1163121,1160917,岡山,1339185.52,-346665.72
1163201,1160816,加古川,1348394.47,-347676.66
1163202,1163202,日岡,1348571.53,-347786.43
1163203,1163203,神野,1348788.54,-347909.22
1163204,1163204,厄神,1349068.2,-347946.23
1163205,1163205,市場,1349324.94,-348193.52
1163206,1163206,小野町,1349184.66,-348336.01
1163207,1163207,粟生,1349095.09,-348568.59
1163208,1163208,河合西,1349195.19,-348792.21
1163209,1163209,青野ケ原,1349279.33,-348972.97
1163210,1163210,社町,1349345.07,-349203.36
1163211,1163211,滝野,1349549.19,-349410.34
1163212,1163212,滝,1349623.74,-349488.12
1163213,1163213,西脇市,1349687.95,-349717.02
1163214,1163214,新西脇,1349775.63,-349779.07
1163215,1163215,比延,1349957.33,-349887.73
1163216,1163216,日本へそ公園,1349976.33,-350020.69
1163217,1163217,黒田庄,1349925.22,-350226.89
1163218,1163218,本黒田,1349959.1,-350529.41
1163219,1163219,船町口,1350093.42,-350629.1
1163220,1163220,久下村,1350305.57,-350758.12
1163221,1163004,谷川,1350496.66,-350827.24
1163301,1160821,姫路,1346907.69,-348276.59
1163302,1163302,播磨高岡,1346586.74,-348419.18
1163303,1163303,余部,1346427.83,-348564.83
1163304,1163304,太市,1346070.87,-348639.98
1163305,1163305,本竜野,1345556.11,-348617.62
1163306,1163306,東觜崎,1345576.85,-348876.29
1163307,1163307,播磨新宮,1345457.66,-349214.42
1163308,1163308,千本,1344943.27,-349425.08
1163309,1163309,西栗栖,1344706.46,-349523.78
1163310,1163310,三日月,1344353.18,-349848.46
1163311,1163311,播磨徳久,1343857.11,-349904.73
1163312,1163312,佐用,1343565.38,-350035.79
1163401,1163312,佐用,1343565.38,-350035.79
1163402,1163402,上月,1343225.1,-349834.25
1163403,1163403,美作土居,1342599.1,-349950.78
1163404,1163404,美作江見,1342197.54,-350134.03
1163405,1163405,楢原,1341893.62,-350197.4
1163406,1163406,林野,1341514.11,-350138.93
1163407,1163407,勝間田,1341189.71,-350358.82
1163408,1163408,西勝間田,1340893.16,-350435.53
1163409,1163409,美作大崎,1340672.98,-350454.19
1163410,1163410,東津山,1340318.18,-350586.76
1163411,1163411,津山,1340034.77,-350545.11
1163412,1163412,院庄,1339576.17,-350590.68
1163413,1163413,美作千代,1339062.01,-350583.11
1163414,1163414,坪井,1338772.95,-350620.41
1163415,1163415,美作追分,1338200.63,-350588.76
1163416,1163416,美作落合,1337596.56,-350231.8
1163417,1163417,古見,1337606.16,-350492.13
1163418,1163418,久世,1337451.33,-350809.76
1163419,1163419,中国勝山,1336947.35,-350805.56
1163420,1163420,月田,1336668.39,-350481.95
1163421,1163421,富原,1336124.94,-350548.38
1163422,1163422,刑部,1335659.81,-350762.83
1163423,1163423,丹治部,1335537.25,-350463.92
1163424,1163424,岩山,1335126.74,-350226.2
1163425,1163425,新見,1334567.4,-349872.32
1163501,1160821,姫路,1346907.69,-348276.59
1163502,1163502,京口,1347053.5,-348346.72
1163503,1163503,野里,1347112.51,-348561.42
1163504,1163504,砥堀,1347248.33,-348664.27
1163505,1163505,仁豊野,1347283.15,-348851.44
1163506,1163506,香呂,1347358.95,-349113.89
1163507,1163507,溝口,1347423.47,-349278.59
1163508,1163508,福崎,1347506.18,-349606.37
1163509,1163509,甘地,1347585.25,-349881.4
1163510,1163510,鶴居,1347547.16,-350237.42
1163511,1163511,新野,1347524.82,-350502.78
1163512,1163512,寺前,1347432.55,-350654.62
1163513,1163513,長谷,1347481.03,-351170.29
1163514,1163514,生野,1347892.59,-351632.27
1163515,1163515,新井,1347950.8,-352364.71
1163516,1163516,青倉,1348117.89,-352671.9
1163517,1163517,竹田,1348354.22,-352984.59
1163518,1161519,和田山,1348513.7,-353414.1
1163601,1160708,王寺,1357040.05,-345974.48
1163602,1163602,畠田,1357038.74,-345784.27
1163603,1163603,志都美,1357019.97,-345615.15
1163604,1163604,香芝,1357057.67,-345431.37
1163605,1163605,ＪＲ五位堂,1357184.35,-345276.67
1163606,1163606,高田,1357450.33,-345159.16
1163607,1163607,大和新庄,1357360.01,-344888.27
1163608,1163608,御所,1357338.19,-344651.02
1163609,1163609,玉手,1357484.79,-344584.67
1163610,1163610,掖上,1357631.27,-344523.93
1163611,1163611,吉野口,1357503.43,-344207.04
1163612,1163612,北宇智,1357147.22,-343812.64
1163613,1163613,五条,1356986.79,-343557.27
1163614,1163614,大和二見,1356845.16,-343461.25
1163615,1163615,隅田,1356556.39,-343281.1
1163616,1163616,下兵庫,1356347.41,-343226.13
1163617,1163617,橋本,1356147.67,-343181.58
1163618,1163618,紀伊山田,1355840.51,-343131.0
1163619,1163619,高野口,1355569.57,-343076.03
1163620,1163620,中飯降,1355320.19,-343042.09
1163621,1163621,妙寺,1355173.82,-342986.07
1163622,1163622,大谷,1354936.98,-342985.48
1163623,1163623,笠田,1354799.47,-342920.73
1163624,1163624,西笠田,1354525.51,-342801.36
1163625,1163625,名手,1354334.98,-342728.83
1163626,1163626,粉河,1354041.84,-342707.17
1163627,1163627,紀伊長田,1353915.36,-342682.42
1163628,1163628,打田,1353642.24,-342651.78
1163629,1163629,下井阪,1353402.56,-342620.03
1163630,1163630,岩出,1353212.72,-342549.45
1163631,1163631,船戸,1353111.71,-342483.01
1163632,1163632,紀伊小倉,1352873.46,-342463.57
1163633,1163633,布施屋,1352615.79,-342444.81
1163634,1163634,千旦,1352456.77,-342416.7
1163635,1163635,田井ノ瀬,1352294.92,-342421.53
1163636,1162635,和歌山,1351914.54,-342324.36
1163701,1160704,奈良,1358189.35,-346804.82
1163702,1163702,京終,1358284.46,-346700.31
1163703,1163703,帯解,1358262.1,-346431.56
1163704,1163704,櫟本,1358263.29,-346210.58
1163705,1163705,天理,1358302.83,-346011.3
1163706,1163706,長柄,1358350.21,-345742.52
1163707,1163707,柳本,1358387.15,-345592.6
1163708,1163708,巻向,1358409.43,-345451.47
1163709,1163709,三輪,1358484.35,-345271.38
1163710,1163710,桜井,1358465.27,-345131.43
1163711,1163711,香久山,1358250.92,-345107.04
1163712,1163712,畝傍,1357941.54,-345082.09
1163713,1163713,金橋,1357654.01,-345096.39
1163714,1163606,高田,1357450.33,-345159.16
1163901,1151041,新宮,1359940.99,-337251.19
1163902,1163902,三輪崎,1359849.06,-336895.54
1163903,1163903,紀伊佐野,1359704.47,-336798.91
1163904,1163904,宇久井,1359723.02,-336627.51
1163905,1163905,那智,1359365.08,-336439.17
1163906,1163906,紀伊天満,1359345.7,-336367.06
1163907,1163907,紀伊勝浦,1359418.11,-336281.33
1163908,1163908,湯川,1359250.8,-336095.68
1163909,1163909,太地,1359275.36,-335913.48
1163910,1163910,下里,1359221.0,-335821.15
1163911,1163911,紀伊浦神,1358939.79,-335604.73
1163912,1163912,紀伊田原,1358681.32,-335365.04
1163913,1163913,古座,1358208.82,-335184.49
1163914,1163914,紀伊姫,1357962.72,-334973.21
1163915,1163915,串本,1357815.46,-334754.7
1163916,1163916,紀伊有田,1357362.77,-334908.96
1163917,1163917,田並,1357191.07,-334880.59
1163918,1163918,田子,1356776.03,-334902.81
1163919,1163919,和深,1356549.69,-335011.71
1163920,1163920,江住,1356032.86,-335095.39
1163921,1163921,見老津,1355756.11,-335155.77
1163922,1163922,周参見,1354957.84,-335468.37
1163923,1163923,紀伊日置,1354581.22,-335849.1
1163924,1163924,椿,1354038.77,-336098.79
1163925,1163925,紀伊富田,1353932.61,-336527.09
1163926,1163926,白浜,1353874.0,-336762.59
1163927,1163927,朝来,1354175.81,-336967.74
1163928,1163928,紀伊新庄,1354023.55,-337209.93
1163929,1163929,紀伊田辺,1353835.81,-337336.19
1163930,1163930,芳養,1353553.34,-337473.23
1163931,1163931,南部,1353242.23,-337675.97
1163932,1163932,岩代,1352794.8,-337803.72
1163933,1163933,切目,1352410.72,-337967.98
1163934,1163934,印南,1352198.56,-338185.92
1163935,1163935,稲原,1352297.74,-338528.23
1163936,1163936,和佐,1352067.09,-338969.54
1163937,1163937,道成寺,1351758.11,-339111.18
1163938,1163938,御坊,1351587.73,-339078.42
1163939,1163939,紀伊内原,1351451.77,-339257.8
1163940,1163940,紀伊由良,1351283.03,-339690.28
1163941,1163941,広川ビーチ,1351639.94,-340128.04
1163942,1163942,湯浅,1351799.92,-340322.6
1163943,1163943,藤並,1351970.43,-340578.07
1163944,1163944,紀伊宮原,1351699.39,-340779.28
1163945,1163945,箕島,1351240.74,-340861.06
1163946,1163946,初島,1351155.25,-341000.82
1163947,1163947,下津,1351455.24,-341088.54
1163948,1163948,加茂郷,1351599.63,-341257.94
1163949,1163949,冷水浦,1351933.61,-341418.64
1163950,1163950,海南,1352144.3,-341545.36
1163951,1163951,黒江,1352101.72,-341705.84
1163952,1163952,紀三井寺,1351875.94,-341877.14
1163953,1163953,宮前,1351889.07,-342133.75
1163954,1162635,和歌山,1351914.54,-342324.36
1164001,1162635,和歌山,1351914.54,-342324.36
1164002,1164002,紀和,1351814.51,-342419.66
1164003,1164003,和歌山市,1351667.31,-342367.17
1170101,1161642,米子,1333365.7,-354232.7
1170102,1170102,安来,1332592.79,-354279.95
1170103,1170103,荒島,1332074.32,-354318.17
1170104,1170104,揖屋,1331493.34,-354280.62
1170105,1170105,東松江,1331284.72,-354455.07
1170106,1170106,松江,1330638.71,-354639.47
1170107,1170107,乃木,1330486.65,-354459.9
1170108,1170108,玉造温泉,1330118.25,-354308.91
1170109,1170109,来待,1329517.19,-354207.22
1170110,1170110,宍道,1329092.24,-354069.25
1170111,1170111,荘原,1328681.39,-353936.03
1170112,1170112,直江,1328075.78,-353837.54
1170113,1170113,出雲市,1327565.18,-353606.94
1170114,1170114,西出雲,1327218.97,-353348.71
1170115,1170115,出雲神西,1327023.71,-353251.16
1170116,1170116,江南,1326832.63,-353152.2
1170117,1170117,小田,1326302.15,-352847.4
1170118,1170118,田儀,1325901.52,-352752.56
1170119,1170119,波根,1325260.76,-352401.37
1170120,1170120,久手,1325081.78,-352294.3
1170121,1170121,大田市,1324993.43,-352008.64
1170122,1170122,静間,1324680.15,-351954.67
1170123,1170123,五十猛,1324409.38,-351927.92
1170124,1170124,仁万,1324035.11,-351509.72
1170125,1170125,馬路,1323874.22,-351280.11
1170126,1170126,湯里,1323755.59,-351065.68
1170127,1170127,温泉津,1323508.26,-350912.56
1170128,1170128,石見福光,1323288.5,-350765.36
1170129,1170129,黒松,1323133.88,-350569.63
1170130,1170130,浅利,1322740.54,-350370.84
1170131,1170131,江津,1322231.33,-350128.01
1170132,1170132,都野津,1321873.98,-349896.0
1170133,1170133,敬川,1321739.71,-349778.26
1170134,1170134,波子,1321512.87,-349641.03
1170135,1170135,久代,1321391.74,-349495.68
1170136,1170136,下府,1321105.41,-349273.22
1170137,1170137,浜田,1320885.88,-349026.83
1170138,1170138,西浜田,1320504.34,-348693.99
1170139,1170139,周布,1320172.58,-348581.2
1170140,1170140,折居,1319867.69,-348263.36
1170141,1170141,三保三隅,1319560.55,-347956.19
1170142,1170142,岡見,1319125.26,-347718.48
1170143,1170143,鎌手,1318782.24,-347516.77
1170144,1170144,石見津田,1318647.57,-347226.85
1170145,1170145,益田,1318389.32,-346783.11
1170322,1170322,上石見,1333512.73,-351126.22
1170323,1170323,生山,1333220.54,-351710.66
1170324,1170324,上菅,1333418.13,-351938.86
1170325,1170325,黒坂,1333836.74,-352068.93
1170326,1170326,根雨,1334420.36,-352414.83
1170327,1170327,武庫,1334768.57,-352674.19
1170328,1170328,江尾,1334848.37,-352830.43
1170329,1170329,伯耆溝口,1334353.57,-353482.07
1170330,1170330,岸本,1334094.75,-353873.33
1170331,1161640,伯耆大山,1333842.16,-354301.42
1170332,1161641,東山公園,1333519.02,-354307.53
1170333,1161642,米子,1333365.7,-354232.7
1170301,1160917,岡山,1339185.52,-346665.72
1170302,1161002,北長瀬,1338853.25,-346529.95
1170303,1161003,庭瀬,1338544.54,-346428.58
1170304,1161004,中庄,1338082.25,-346264.93
1170305,1161005,倉敷,1337654.73,-346015.67
1170306,1170306,清音,1337334.61,-346436.71
1170307,1170307,総社,1337380.07,-346735.34
1170308,1170308,豪渓,1337226.04,-347062.99
1170309,1170309,日羽,1336899.93,-347157.16
1170310,1170310,美袋,1336543.88,-347197.97
1170311,1170311,備中広瀬,1336064.64,-347585.52
1170312,1170312,備中高梁,1336165.24,-347886.48
1170313,1170313,木野山,1336143.74,-348256.82
1170314,1170314,備中川面,1335885.43,-348501.29
1170315,1170315,方谷,1335564.57,-348767.48
1170316,1170316,井倉,1335163.01,-349317.24
1170317,1170317,石蟹,1334795.06,-349547.52
1170318,1163425,新見,1334567.4,-349872.32
1170319,1170319,備中神代,1334007.9,-349945.71
1170320,1170320,足立,1333836.36,-350389.08
1170321,1170321,新郷,1333677.86,-350820.87
1170401,1161619,鳥取,1342259.01,-354939.53
1170402,1170402,津ノ井,1342485.94,-354611.29
1170403,1170403,東郡家,1342598.77,-354290.36
1170404,1170404,郡家,1342508.07,-354128.24
1170405,1170405,河原,1342230.98,-353975.22
1170406,1170406,国英,1342177.02,-353730.16
1170407,1170407,鷹狩,1342063.04,-353542.05
1170408,1170408,用瀬,1342050.85,-353434.92
1170409,1170409,因幡社,1341966.73,-353125.07
1170410,1170410,智頭,1342255.9,-352649.92
1170411,1170411,土師,1342256.27,-352329.01
1170412,1170412,那岐,1342099.68,-352137.69
1170413,1170413,美作河井,1341070.48,-352054.67
1170414,1170414,知和,1340775.37,-351929.56
1170415,1170415,美作加茂,1340622.39,-351696.22
1170416,1170416,三浦,1340780.69,-351415.31
1170417,1170417,美作滝尾,1340713.24,-351236.11
1170418,1170418,高野,1340658.34,-350805.05
1170419,1163410,東津山,1340318.18,-350586.76
1170420,1163411,津山,1340034.77,-350545.11
1170501,1161642,米子,1333365.7,-354232.7
1170502,1170502,博労町,1333396.19,-354316.8
1170503,1170503,富士見町,1333366.27,-354346.02
1170504,1170504,後藤,1333312.64,-354400.26
1170505,1170505,三本松口,1333230.72,-354461.59
1170506,1170506,河崎口,1333054.07,-354567.6
1170507,1170507,弓ケ浜,1332885.27,-354667.57
1170508,1170508,和田浜,1332654.96,-354805.41
1170509,1170509,大篠津町,1332558.91,-354889.0
1170510,1170510,米子空港,1332473.72,-355023.21
1170511,1170511,中浜,1332451.8,-355061.65
1170512,1170512,高松町,1332398.5,-355154.08
1170513,1170513,余子,1332364.64,-355212.16
1170514,1170514,上道,1332307.48,-355311.48
1170515,1170515,馬場崎町,1332265.0,-355384.61
1170516,1170516,境港,1332227.62,-355450.02
1170201,1170145,益田,1318389.32,-346783.11
1170202,1170202,戸田小浜,1317377.83,-346730.13
1170203,1170203,飯浦,1317020.82,-346687.91
1170204,1170204,江崎,1316619.77,-346381.67
1170205,1170205,須佐,1316056.0,-346218.14
1170206,1170206,宇田郷,1315487.1,-345718.1
1170207,1170207,木与,1315033.9,-345326.58
1170208,1170208,奈古,1314725.6,-345029.38
1170209,1170209,長門大井,1314497.88,-344710.68
1170210,1170210,越ケ浜,1314225.99,-344392.16
1170211,1170211,東萩,1314103.34,-344172.07
1170212,1170212,萩,1314012.1,-343938.45
1170213,1170213,玉江,1313799.97,-344053.88
1170214,1170214,三見,1313301.42,-343972.63
1170215,1170215,飯井,1312948.47,-343790.88
1170216,1170216,長門三隅,1312364.83,-343661.63
1170217,1170217,長門市,1311857.22,-343754.17
1170218,1170218,黄波戸,1311396.95,-343852.32
1170219,1170219,長門古市,1311015.81,-343884.61
1170220,1170220,人丸,1310573.61,-343741.92
1170221,1170221,伊上,1310113.51,-343702.75
1170222,1170222,長門粟野,1309701.75,-343574.31
1170223,1170223,阿川,1309259.42,-343357.21
1170224,1170224,特牛,1309188.7,-343059.79
1170225,1170225,滝部,1309464.97,-342837.82
1170226,1170226,長門二見,1309147.47,-342515.81
1170227,1170227,宇賀本郷,1309275.89,-342273.03
1170228,1170228,湯玉,1309326.81,-342092.49
1170229,1170229,小串,1309283.26,-341701.86
1170230,1170230,川棚温泉,1309218.17,-341459.14
1170231,1170231,黒井村,1309120.35,-341280.66
1170232,1170232,梅ケ峠,1309002.53,-341014.69
1170233,1170233,吉見,1309038.2,-340699.87
1170234,1170234,福江,1309156.73,-340471.4
1170235,1170235,安岡,1309166.35,-340249.21
1170240,1170240,梶栗郷台地,1309237.66,-340127.16
1170236,1170236,綾羅木,1309266.62,-340039.32
1170237,1161235,幡生,1309273.4,-339815.92
1170238,1161236,下関,1309230.38,-339503.06
1170239,1161237,門司,1309334.38,-339043.09
1170601,1170110,宍道,1329092.24,-354069.25
1170602,1170602,南宍道,1329181.82,-353800.75
1170603,1170603,加茂中,1329105.48,-353440.96
1170604,1170604,幡屋,1329393.39,-353348.79
1170605,1170605,出雲大東,1329581.76,-353255.97
1170606,1170606,南大東,1329284.05,-353079.81
1170607,1170607,木次,1329019.05,-352946.69
1170608,1170608,日登,1329312.61,-352764.64
1170609,1170609,下久野,1329919.49,-352648.11
1170610,1170610,出雲八代,1330014.48,-352272.2
1170611,1170611,出雲三成,1330097.86,-351966.69
1170612,1170612,亀嵩,1330527.9,-352062.04
1170613,1170613,出雲横田,1330923.94,-351774.11
1170614,1170614,八川,1330894.54,-351493.34
1170615,1170615,出雲坂根,1331206.7,-351023.4
1170616,1170616,三井野原,1331163.41,-350913.99
1170617,1170617,油木,1331192.73,-350445.67
1170618,1170618,備後落合,1331482.96,-350011.67
1170701,1170131,江津,1322231.33,-350128.01
1170702,1170702,江津本町,1322302.66,-350072.12
1170703,1170703,千金,1322498.22,-350016.35
1170704,1170704,川平,1322844.11,-349969.69
1170705,1170705,川戸,1323335.83,-349597.35
1170706,1170706,田津,1323844.92,-349518.75
1170707,1170707,石見川越,1324154.0,-349502.76
1170708,1170708,鹿賀,1324457.53,-349629.67
1170709,1170709,因原,1324732.62,-349665.14
1170710,1170710,石見川本,1324926.24,-349912.9
1170711,1170711,木路原,1325083.25,-349975.14
1170712,1170712,竹,1325297.53,-350126.76
1170713,1170713,乙原,1325474.79,-350261.35
1170714,1170714,石見簗瀬,1325655.21,-350423.39
1170715,1170715,明塚,1325839.33,-350487.99
1170716,1170716,粕淵,1325929.26,-350724.47
1170717,1170717,浜原,1325995.64,-350600.43
1170718,1170718,沢谷,1326346.82,-350578.94
1170719,1170719,潮,1326324.25,-350160.34
1170720,1170720,石見松原,1326150.42,-349927.92
1170721,1170721,石見都賀,1326427.11,-349563.56
1170722,1170722,宇都井,1326296.57,-349065.57
1170724,1170724,口羽,1326712.34,-348844.42
1170725,1170725,江平,1327022.19,-348752.52
1170726,1170726,作木口,1327070.61,-348601.7
1170723,1170723,伊賀和志,1326609.4,-348950.39
1170727,1170727,香淀,1327138.5,-348271.13
1170728,1170728,式敷,1327125.98,-348158.09
1170729,1170729,信木,1327305.02,-348129.83
1170730,1170730,所木,1327512.1,-348099.25
1170731,1170731,船佐,1327661.53,-348080.86
1170732,1170732,長谷,1327881.46,-348031.42
1170733,1170733,粟屋,1328128.92,-348101.97
1170734,1170734,尾関山,1328417.0,-348127.37
1170735,1170735,三次,1328559.76,-348026.46
1170821,1170821,津和野,1317737.27,-344725.29
1170822,1170822,青野山,1318031.91,-344809.62
1170823,1170823,日原,1318318.92,-345324.94
1170824,1170824,青原,1318006.33,-345603.51
1170825,1170825,東青原,1317974.6,-345850.26
1170826,1170826,石見横田,1318045.06,-346179.65
1170827,1170827,本俣賀,1318269.22,-346526.47
1170828,1170145,益田,1318389.32,-346783.11
1170801,1161224,新山口,1313965.7,-340932.55
1170802,1170802,周防下郷,1314017.23,-341011.32
1170803,1170803,上郷,1314017.9,-341163.33
1170804,1170804,仁保津,1314154.55,-341288.21
1170805,1170805,大歳,1314330.91,-341472.78
1170806,1170806,矢原,1314462.29,-341506.81
1170807,1170807,湯田温泉,1314600.93,-341597.97
1170808,1170808,山口,1314809.85,-341727.37
1170809,1170809,上山口,1314847.42,-341823.9
1170810,1170810,宮野,1314987.35,-341914.29
1170811,1170811,仁保,1315362.64,-342162.91
1170812,1170812,篠目,1315621.66,-342791.35
1170813,1170813,長門峡,1315787.25,-343045.32
1170814,1170814,渡川,1316040.33,-343229.22
1170815,1170815,三谷,1316242.17,-343415.68
1170816,1170816,名草,1316512.03,-343537.89
1170817,1170817,地福,1316742.29,-343627.38
1170818,1170818,鍋倉,1316941.61,-343782.76
1170819,1170819,徳佐,1317200.42,-343996.18
1170820,1170820,船平山,1317341.07,-344213.69
1161001,1160917,岡山,1339185.52,-346665.72
1161002,1161002,北長瀬,1338853.25,-346529.95
1161003,1161003,庭瀬,1338544.54,-346428.58
1161004,1161004,中庄,1338082.25,-346264.93
1161005,1161005,倉敷,1337654.73,-346015.67
1161006,1161006,西阿知,1337278.76,-345857.8
1161007,1161007,新倉敷,1336783.44,-345650.9
1161008,1161008,金光,1336208.26,-345409.09
1161009,1161009,鴨方,1335877.05,-345273.0
1161010,1161010,里庄,1335507.63,-345079.05
1161011,1161011,笠岡,1335047.05,-345049.13
1161012,1161012,大門,1334399.5,-344984.62
1161013,1161013,東福山,1334053.9,-344949.49
1161014,1161014,福山,1333614.29,-344892.91
1161015,1161015,備後赤坂,1333054.17,-344721.08
1161016,1161016,松永,1332585.32,-344509.58
1161017,1161017,東尾道,1332331.68,-344349.37
1161018,1161018,尾道,1331928.84,-344048.26
1161019,1161019,糸崎,1331043.17,-343924.29
1161020,1161020,三原,1330830.49,-344004.86
1170901,1160917,岡山,1339185.52,-346665.72
1170902,1170902,大元,1339107.95,-346475.71
1170903,1170903,備前西市,1338998.52,-346314.48
1170904,1170904,妹尾,1338712.46,-346082.69
1170905,1170905,備中箕島,1338508.89,-346056.97
1170906,1170906,早島,1338333.06,-346021.58
1170907,1170907,久々原,1338279.6,-345921.58
1170908,1170908,茶屋町,1338259.06,-345769.4
1170909,1170909,彦崎,1338350.45,-345520.35
1170910,1170910,備前片岡,1338618.37,-345438.1
1170911,1170911,迫川,1338793.94,-345364.84
1170912,1170912,常山,1338930.96,-345313.74
1170913,1170913,八浜,1339195.04,-345320.39
1170914,1170914,備前田井,1339431.17,-345160.27
1170915,1170915,宇野,1339537.06,-344950.35
1171001,1170908,茶屋町,1338259.06,-345769.4
1171002,1171002,植松,1338279.79,-345511.58
1171003,1171003,木見,1338237.85,-345277.3
1171004,1171004,上の町,1338152.33,-344909.44
1171005,1171005,児島,1338077.29,-344628.17
1171006,1171006,宇多津,1338136.86,-343062.71
1171301,1160917,岡山,1339185.52,-346665.72
1171302,1171302,備前三門,1339005.01,-346678.6
1171303,1171303,大安寺,1338877.11,-346628.94
1171304,1171304,備前一宮,1338640.83,-346788.38
1171305,1171305,吉備津,1338462.01,-346744.91
1171306,1171306,備中高松,1338223.82,-346864.9
1171307,1171307,足守,1338027.65,-346980.75
1171308,1171308,服部,1337753.95,-346911.53
1171309,1171309,東総社,1337514.11,-346777.74
1171310,1170307,総社,1337380.07,-346735.34
1171401,1163425,新見,1334567.4,-349872.32
1171402,1171402,布原,1334222.93,-349880.86
1171403,1170319,備中神代,1334007.9,-349945.71
1171404,1171404,坂根,1333707.9,-349729.57
1171405,1171405,市岡,1333469.48,-349662.32
1171406,1171406,矢神,1333327.97,-349434.13
1171407,1171407,野馳,1333168.33,-349150.46
1171408,1171408,東城,1332736.87,-349018.02
1171409,1171409,備後八幡,1332320.86,-349381.92
1171410,1171410,内名,1332319.37,-349649.59
1171411,1171411,小奴可,1332112.11,-349945.52
1171412,1171412,道後山,1331782.69,-350108.94
1171413,1170618,備後落合,1331482.96,-350011.67
1171414,1171414,比婆山,1331232.36,-349662.98
1171415,1171415,備後西城,1331197.29,-349403.45
1171416,1171416,平子,1331001.54,-349128.79
1171417,1171417,高,1330706.03,-348777.8
1171418,1171418,備後庄原,1330161.05,-348623.17
1171419,1171419,備後三日市,1329982.69,-348550.7
1171420,1171420,七塚,1329858.4,-348443.91
1171421,1171421,山ノ内,1329576.71,-348296.08
1171422,1171422,下和知,1329253.36,-347976.68
1171423,1171423,塩町,1329138.63,-347742.65
1171424,1171424,神杉,1329027.47,-347807.25
1171425,1171425,八次,1328788.05,-348022.44
1171426,1170735,三次,1328559.76,-348026.46
1171427,1171427,西三次,1328409.61,-347985.24
1171428,1171428,志和地,1328039.2,-347404.75
1171429,1171429,上川立,1327848.73,-347253.73
1171430,1171430,甲立,1327599.91,-346926.11
1171431,1171431,吉田口,1327458.32,-346641.06
1171432,1171432,向原,1327198.83,-346152.15
1171433,1171433,井原市,1326755.69,-345850.13
1171434,1171434,志和口,1326582.05,-345543.33
1171435,1171435,上三田,1326438.9,-345386.46
1171436,1171436,中三田,1326093.29,-345136.04
1171437,1171437,白木山,1325878.67,-345005.63
1171438,1171438,狩留家,1325790.07,-344866.14
1171439,1171439,上深川,1325626.19,-344759.1
1171440,1171440,中深川,1325339.71,-344810.76
1171441,1171441,下深川,1325247.02,-344886.83
1171442,1171442,玖村,1325078.98,-344820.39
1171443,1171443,安芸矢口,1324950.94,-344635.79
1171444,1171444,戸坂,1324912.46,-344381.93
1171445,1171445,矢賀,1324977.69,-343993.19
1171446,1161115,広島,1324755.93,-343974.46
1171501,1163411,津山,1340034.77,-350545.11
1171502,1171502,津山口,1339828.79,-350545.69
1171503,1171503,佐良山,1339607.48,-350320.24
1171504,1171504,亀甲,1339591.88,-349985.42
1171505,1171505,小原,1339620.33,-349682.34
1171506,1171506,誕生寺,1339593.75,-349517.68
1171507,1171507,弓削,1339578.49,-349254.57
1171508,1171508,神目,1339351.42,-348962.01
1171509,1171509,福渡,1339040.37,-348702.56
1171510,1171510,建部,1338991.87,-348422.85
1171511,1171511,金川,1339337.24,-347920.29
1171512,1171512,野々口,1339326.03,-347711.04
1171513,1171513,牧山,1339604.24,-347412.21
1171514,1171514,玉柏,1339644.72,-347169.65
1171515,1171515,備前原,1339449.29,-347049.65
1171516,1171516,法界院,1339275.47,-346848.51
1171517,1160917,岡山,1339185.52,-346665.72
1161101,1161020,三原,1330830.49,-344004.86
1161102,1161102,本郷,1329873.58,-344096.17
1161103,1161103,河内,1328901.13,-344692.48
1161104,1161104,入野,1328517.89,-344606.7
1161105,1161105,白市,1328322.5,-344430.22
1161106,1161106,西高屋,1327882.46,-344461.39
1161107,1161107,西条,1327439.09,-344313.94
1161131,1161131,寺家,1327227.22,-344392.22
1161108,1161108,八本松,1326880.48,-344454.66
1161109,1161109,瀬野,1325967.4,-344219.94
1161110,1161110,中野東,1325787.53,-344032.75
1161111,1161111,安芸中野,1325632.91,-343911.15
1161112,1161112,海田市,1325305.42,-343720.89
1161113,1161113,向洋,1325061.91,-343766.36
1161114,1161114,天神川,1324983.11,-343899.59
1161115,1161115,広島,1324755.93,-343974.46
1161130,1161130,新白島,1324615.28,-344083.61
1161116,1161116,横川,1324504.5,-344101.73
1161117,1161117,西広島,1324279.79,-343978.32
1161118,1161118,新井口,1323919.24,-343756.01
1161119,1161119,五日市,1323677.17,-343667.98
1161120,1161120,廿日市,1323356.57,-343578.37
1161121,1161121,宮内串戸,1323237.06,-343479.63
1161122,1161122,阿品,1323142.16,-343231.52
1161123,1161123,宮島口,1323026.89,-343120.81
1161124,1161124,前空,1322898.15,-343013.68
1161125,1161125,大野浦,1322652.63,-342837.62
1161126,1161126,玖波,1322279.63,-342553.0
1161127,1161127,大竹,1322234.79,-342175.65
1161129,1161129,和木,1322277.09,-342041.94
1161128,1161128,岩国,1322256.31,-341718.28
1171601,1161019,糸崎,1331043.17,-343924.29
1171602,1161020,三原,1330830.49,-344004.86
1171603,1171603,須波,1330837.24,-343700.61
1171604,1171604,安芸幸崎,1330400.96,-343381.65
1171605,1171605,忠海,1329912.89,-343368.9
1171606,1171606,安芸長浜,1329626.81,-343378.04
1171607,1171607,大乗,1329453.11,-343406.56
1171608,1171608,竹原,1329097.05,-343394.5
1171609,1171609,吉名,1328657.6,-343206.16
1171610,1171610,安芸津,1328178.38,-343182.27
1171611,1171611,風早,1327957.89,-343032.34
1171612,1171612,安浦,1327440.67,-342840.13
1171613,1171613,安登,1327227.41,-342543.96
1171614,1171614,安芸川尻,1326916.72,-342328.54
1171615,1171615,仁方,1326554.06,-342217.84
1171616,1171616,広,1326284.17,-342286.13
1171617,1171617,新広,1326145.57,-342320.6
1171618,1171618,安芸阿賀,1325997.88,-342358.43
1171619,1171619,呉,1325575.78,-342446.52
1171620,1171620,川原石,1325411.43,-342488.17
1171621,1171621,吉浦,1325271.89,-342579.47
1171622,1171622,かるが浜,1325175.23,-342638.85
1171623,1171623,天応,1325196.17,-342822.38
1171624,1171624,呉ポートピア,1325129.51,-342919.2
1171625,1171625,小屋浦,1325064.46,-343023.63
1171626,1171626,水尻,1324987.63,-343194.33
1171627,1171627,坂,1325107.36,-343386.35
1171628,1171628,矢野,1325319.31,-343520.81
1171629,1161112,海田市,1325305.42,-343720.89
1171630,1161113,向洋,1325061.91,-343766.36
1171631,1161114,天神川,1324983.11,-343899.59
1171632,1161115,広島,1324755.93,-343974.46
1171701,1161115,広島,1324755.93,-343974.46
1171702,1161116,横川,1324504.5,-344101.73
1171703,1171703,三滝,1324473.97,-344172.78
1171704,1171704,安芸長束,1324560.63,-344283.82
1171705,1171705,下祇園,1324623.28,-344393.54
1171706,1171706,古市橋,1324680.89,-344505.16
1171707,1171707,大町,1324706.55,-344611.36
1171708,1171708,緑井,1324758.51,-344674.59
1171709,1171709,七軒茶屋,1324811.56,-344726.09
1171710,1171710,梅林,1324941.66,-344808.77
1171711,1171711,上八木,1325060.37,-344898.05
1171712,1171712,中島,1325130.75,-345003.51
1171713,1171713,可部,1325107.3,-345120.66
1171714,1171714,河戸帆待川,1325050.03,-345167.0
1171715,1171715,あき亀山,1324959.0,-345172.64
1172001,1161014,福山,1333614.29,-344892.91
1172002,1172002,備後本庄,1333450.83,-344933.12
1172003,1172003,横尾,1333634.84,-345213.9
1172004,1172004,神辺,1333787.47,-345371.31
1172005,1172005,湯田村,1333712.94,-345519.18
1172006,1172006,道上,1333613.98,-345535.03
1172007,1172007,万能倉,1333385.16,-345510.92
1172008,1172008,駅家,1333259.0,-345490.79
1172009,1172009,近田,1333109.6,-345462.7
1172010,1172010,戸手,1333006.13,-345464.78
1172011,1172011,上戸手,1332821.37,-345515.0
1172012,1172012,新市,1332694.83,-345544.29
1172013,1172013,高木,1332532.31,-345629.87
1172014,1172014,鵜飼,1332444.62,-345679.05
1172015,1172015,府中,1332360.21,-345716.46
1172016,1172016,下川辺,1332052.82,-345543.11
1172017,1172017,中畑,1331933.01,-345823.11
1172018,1172018,河佐,1331666.9,-345899.29
1172019,1172019,備後三川,1331101.18,-346302.01
1172020,1172020,備後矢野,1331257.36,-346643.16
1172021,1172021,上下,1331176.25,-346949.32
1172022,1172022,甲奴,1330813.31,-347036.42
1172023,1172023,梶田,1330589.19,-347110.37
1172024,1172024,備後安田,1330339.78,-347410.75
1172025,1172025,吉舎,1329907.71,-347276.41
1172026,1172026,三良坂,1329575.78,-347661.86
1172027,1171423,塩町,1329138.63,-347742.65
1172028,1171424,神杉,1329027.47,-347807.25
1172029,1171425,八次,1328788.05,-348022.44
1172030,1170735,三次,1328559.76,-348026.46
1161201,1161128,岩国,1322256.31,-341718.28
1161202,1161202,南岩国,1322060.13,-341352.46
1161203,1161203,藤生,1321985.15,-341126.68
1161204,1161204,通津,1322049.49,-340682.07
1161205,1161205,由宇,1322136.21,-340432.79
1161206,1161206,神代,1322093.98,-339988.71
1161207,1161207,大畠,1321807.41,-339633.77
1161208,1161208,柳井港,1321343.33,-339583.57
1161209,1161209,柳井,1321059.88,-339657.28
1161210,1161210,田布施,1320440.84,-339588.05
1161211,1161211,岩田,1319952.85,-339816.24
1161212,1161212,島田,1319608.65,-339905.02
1161213,1161213,光,1319147.84,-339739.75
1161214,1161214,下松,1318679.9,-340089.33
1161215,1161215,櫛ケ浜,1318290.79,-340310.02
1161216,1161216,徳山,1318029.0,-340515.55
1161217,1161217,新南陽,1317696.39,-340695.61
1161218,1161218,福川,1317384.6,-340720.96
1161219,1161219,戸田,1317046.57,-340725.23
1161220,1161220,富海,1316390.29,-340485.07
1161221,1161221,防府,1315688.48,-340535.4
1161222,1161222,大道,1314883.58,-340532.95
1161223,1161223,四辻,1314479.3,-340798.96
1161224,1161224,新山口,1313965.7,-340932.55
1161225,1161225,嘉川,1313700.68,-340662.11
1161226,1161226,本由良,1313436.21,-340319.97
1161227,1161227,厚東,1312678.07,-340387.09
1161228,1161228,宇部,1312216.91,-340030.17
1161229,1161229,小野田,1311856.05,-340078.77
1161230,1161230,厚狭,1311599.65,-340533.61
1161231,1161231,埴生,1310868.65,-340491.73
1161232,1161232,小月,1310330.38,-340679.07
1161233,1161233,長府,1309995.08,-340192.64
1161234,1161234,新下関,1309480.21,-340056.51
1161235,1161235,幡生,1309273.4,-339815.92
1161236,1161236,下関,1309230.38,-339503.06
1161237,1161237,門司,1309334.38,-339043.09
1172101,1161224,新山口,1313965.7,-340932.55
1172102,1172102,上嘉川,1313787.26,-340734.07
1172103,1172103,深溝,1313713.13,-340469.9
1172104,1172104,周防佐山,1313636.67,-340349.19
1172105,1172105,岩倉,1313600.09,-340233.7
1172106,1172106,阿知須,1313566.65,-340105.35
1172107,1172107,岐波,1313478.64,-339896.54
1172108,1172108,丸尾,1313367.18,-339702.55
1172109,1172109,床波,1313054.57,-339528.51
1172110,1172110,常盤,1312926.36,-339409.07
1172111,1172111,草江,1312743.04,-339366.02
1172112,1172112,宇部岬,1312621.02,-339346.72
1172113,1172113,東新川,1312569.1,-339483.9
1172114,1172114,琴芝,1312522.44,-339526.98
1172115,1172115,宇部新川,1312424.41,-339583.69
1172116,1172116,居能,1312281.61,-339670.6
1172117,1172117,岩鼻,1312254.06,-339786.08
1172118,1161228,宇部,1312216.91,-340030.17
1172201,1161230,厚狭,1311599.65,-340533.61
1172202,1172202,湯ノ峠,1311726.01,-340856.49
1172203,1172203,厚保,1311546.91,-341139.29
1172204,1172204,四郎ケ原,1311611.62,-341375.96
1172205,1172205,南大嶺,1311852.99,-341614.83
1172206,1172206,美祢,1312039.81,-341690.77
1172207,1172207,重安,1312087.0,-341943.39
1172208,1172208,於福,1312079.4,-342364.21
1172209,1172209,渋木,1311966.63,-343116.79
1172210,1172210,長門湯本,1311724.22,-343344.35
1172211,1172211,板持,1311766.66,-343533.41
1172212,1170217,長門市,1311857.22,-343754.17
1172213,1172213,仙崎,1311989.04,-343878.41
1172301,1172115,宇部新川,1312424.41,-339583.69
1172302,1172116,居能,1312281.61,-339670.6
1172303,1172303,妻崎,1312027.8,-339703.59
1172304,1172304,長門長沢,1311967.86,-339665.62
1172305,1172305,雀田,1311869.51,-339607.43
1172306,1172306,小野田港,1311751.46,-339720.0
1172307,1172307,南小野田,1311749.49,-339774.3
1172308,1172308,南中川,1311788.7,-339869.73
1172309,1172309,目出,1311833.34,-339965.95
1172310,1161229,小野田,1311856.05,-340078.77
1172311,1172311,浜河内,1311795.18,-339505.29
1172312,1172312,長門本山,1311732.13,-339427.55
1172401,1161128,岩国,1322256.31,-341718.28
1172402,1172402,西岩国,1321957.86,-341630.2
1172403,1172403,川西,1321773.21,-341566.12
1172404,1172404,柱野,1321545.99,-341438.74
1172405,1172405,欽明路,1321018.13,-341044.0
1172406,1172406,玖珂,1320819.51,-340971.95
1172407,1172407,周防高森,1320455.64,-340907.01
1172408,1172408,米川,1320147.45,-340745.21
1172409,1172409,高水,1319730.69,-340553.95
1172410,1172410,勝間,1319539.79,-340420.08
1172411,1172411,大河内,1319341.75,-340309.8
1172412,1172412,周防久保,1319192.48,-340292.11
1172413,1172413,生野屋,1318873.59,-340354.45
1172414,1172414,周防花岡,1318673.28,-340359.22
1172415,1161215,櫛ケ浜,1318290.79,-340310.02
1172416,1161216,徳山,1318029.0,-340515.55
1190101,1190101,博多,1304206.22,-335900.02
1190102,1190102,博多南,1304369.97,-335179.55
